model,diffusion_steps,mc,section,total_instances,total_evaluated,artifact_rate,rank_acc_all,rank_acc_any,mean_kl_valid,mean_kl_distractor
llada8b-n10-d2,2,2,Normalized_Cleaned,543.0,527.0,0.20543345543345543,0.38519924098671726,0.7362428842504743,0.007711931011148797,0.11711865621156028
llada8b-n10-d4,4,2,Normalized_Cleaned,543.0,491.0,0.41178266178266176,0.40325865580448067,0.7393075356415478,0.04000144935123344,0.17817005146478376
llada8b-n10-d8,8,2,Normalized_Cleaned,543.0,539.0,0.16544566544566544,0.39888682745825604,0.7217068645640075,0.05919285977853768,0.17071114643809354
llada8b-n10-d16,16,2,Normalized_Cleaned,543.0,543.0,0.0843101343101343,0.39594843462246776,0.7384898710865562,0.08172820738073794,0.228595275266262
llada8b-n10-d32,32,2,Normalized_Cleaned,543.0,541.0,0.06367521367521367,0.43253234750462105,0.767097966728281,0.15238546622300386,0.36734890257892994
llada8b-n10-d64,64,2,Normalized_Cleaned,543.0,540.0,0.06442816442816443,0.4148148148148148,0.7203703703703703,0.19589743864024373,0.3570241020254524
llada8b-n10-d128,128,2,Normalized_Cleaned,543.0,541.0,0.0641025641025641,0.3678373382624769,0.7042513863216266,0.21901069434732526,0.37280881941720856
llada8b-n10-d2,2,4,Normalized_Cleaned,543.0,527.0,0.20543345543345543,0.3776091081593928,0.7722960151802657,0.0195394253274439,0.136043160590903
llada8b-n10-d4,4,4,Normalized_Cleaned,543.0,491.0,0.41178266178266176,0.40325865580448067,0.7393075356415478,0.042057062145305094,0.17684079381720963
llada8b-n10-d8,8,4,Normalized_Cleaned,543.0,539.0,0.16544566544566544,0.39517625231910947,0.7291280148423006,0.0633514637255358,0.1686512100156808
llada8b-n10-d16,16,4,Normalized_Cleaned,543.0,543.0,0.0843101343101343,0.4143646408839779,0.7384898710865562,0.08964629382912649,0.2313345069149441
llada8b-n10-d32,32,4,Normalized_Cleaned,543.0,541.0,0.06367521367521367,0.4565619223659889,0.7597042513863216,0.1515413903904919,0.36122941716775014
llada8b-n10-d64,64,4,Normalized_Cleaned,543.0,540.0,0.06442816442816443,0.43333333333333335,0.7296296296296296,0.19931731929094376,0.34727326414283066
llada8b-n10-d128,128,4,Normalized_Cleaned,543.0,541.0,0.0641025641025641,0.4066543438077634,0.7134935304990758,0.21744158961259136,0.3641265264879514
llada8b-n10-d2,2,8,Normalized_Cleaned,543.0,527.0,0.20543345543345543,0.396584440227704,0.7609108159392789,0.017640098369879894,0.14468073222749928
llada8b-n10-d4,4,8,Normalized_Cleaned,543.0,491.0,0.41178266178266176,0.4256619144602851,0.7331975560081466,0.03724715393009085,0.15817727295841857
llada8b-n10-d8,8,8,Normalized_Cleaned,543.0,539.0,0.16544566544566544,0.4044526901669759,0.7439703153988868,0.05896238427858755,0.17010618292547316
llada8b-n10-d16,16,8,Normalized_Cleaned,543.0,543.0,0.0843101343101343,0.4180478821362799,0.7495395948434622,0.09091747684619877,0.23732022576898654
llada8b-n10-d32,32,8,Normalized_Cleaned,543.0,541.0,0.06367521367521367,0.4805914972273567,0.7763401109057301,0.1403120303892374,0.3695187763111223
llada8b-n10-d64,64,8,Normalized_Cleaned,543.0,540.0,0.06442816442816443,0.4185185185185185,0.7055555555555556,0.20938316010111477,0.3438326024108448
llada8b-n10-d128,128,8,Normalized_Cleaned,543.0,541.0,0.0641025641025641,0.38632162661737524,0.7282809611829945,0.21838180305624066,0.35114518574292203
llada8b-n10-d2,2,16,Normalized_Cleaned,543.0,527.0,0.20543345543345543,0.4307400379506641,0.7817836812144212,0.027465019083031415,0.1609519162262092
llada8b-n10-d4,4,16,Normalized_Cleaned,543.0,491.0,0.41178266178266176,0.40529531568228105,0.7515274949083504,0.03408239325174826,0.1417545064063684
llada8b-n10-d8,8,16,Normalized_Cleaned,543.0,539.0,0.16544566544566544,0.43413729128014844,0.7588126159554731,0.060431663661999285,0.1707845081058176
llada8b-n10-d16,16,16,Normalized_Cleaned,543.0,543.0,0.0843101343101343,0.45119705340699817,0.7716390423572744,0.08930324901403383,0.2354360765037185
llada8b-n10-d32,32,16,Normalized_Cleaned,543.0,541.0,0.06367521367521367,0.4676524953789279,0.7726432532347505,0.13315902464097593,0.3547322340207576
llada8b-n10-d64,64,16,Normalized_Cleaned,543.0,540.0,0.06442816442816443,0.43703703703703706,0.725925925925926,0.20500246190414614,0.3591858302317445
llada8b-n10-d128,128,16,Normalized_Cleaned,543.0,541.0,0.0641025641025641,0.3955637707948244,0.7486136783733827,0.2095079173561041,0.3637766298993555
llada8b-n10-d2,2,32,Normalized_Cleaned,543.0,527.0,0.20543345543345543,0.4459203036053131,0.7855787476280834,0.02931460979444432,0.1588135385781097
llada8b-n10-d4,4,32,Normalized_Cleaned,543.0,491.0,0.41178266178266176,0.38289205702647655,0.7535641547861507,0.038897780250877284,0.14801884686961775
llada8b-n10-d8,8,32,Normalized_Cleaned,543.0,539.0,0.16544566544566544,0.45640074211502785,0.8014842300556586,0.052153289432759715,0.16859841185259297
llada8b-n10-d16,16,32,Normalized_Cleaned,543.0,543.0,0.0843101343101343,0.47882136279926335,0.7587476979742173,0.08351313862767847,0.23534424861967798
llada8b-n10-d32,32,32,Normalized_Cleaned,543.0,541.0,0.06367521367521367,0.4436229205175601,0.7726432532347505,0.13344544876420894,0.32881725396362155
llada8b-n10-d64,64,32,Normalized_Cleaned,543.0,540.0,0.06442816442816443,0.4351851851851852,0.7425925925925926,0.20366916567460933,0.37626391592867536
llada8b-n10-d128,128,32,Normalized_Cleaned,543.0,541.0,0.0641025641025641,0.4491682070240296,0.7578558225508318,0.20749925902227614,0.3675179642627472
llada8b-n10-d2,2,64,Normalized_Cleaned,543.0,527.0,0.20543345543345543,0.5104364326375711,0.8121442125237192,0.03906377211457602,0.15899008731964842
llada8b-n10-d4,4,64,Normalized_Cleaned,543.0,491.0,0.41178266178266176,0.4623217922606925,0.7983706720977597,0.031069512830491527,0.14865439037169453
llada8b-n10-d8,8,64,Normalized_Cleaned,543.0,539.0,0.16544566544566544,0.5306122448979592,0.8311688311688312,0.0460535494750375,0.17233133123124023
llada8b-n10-d16,16,64,Normalized_Cleaned,543.0,543.0,0.0843101343101343,0.48066298342541436,0.7753222836095764,0.08566326036778352,0.21913740224143416
llada8b-n10-d32,32,64,Normalized_Cleaned,543.0,541.0,0.06367521367521367,0.4584103512014787,0.7578558225508318,0.13154465153232278,0.30872214419310834
llada8b-n10-d64,64,64,Normalized_Cleaned,543.0,540.0,0.06442816442816443,0.48518518518518516,0.8037037037037037,0.18677147796731755,0.3865890284293296
llada8b-n10-d128,128,64,Normalized_Cleaned,543.0,541.0,0.0641025641025641,0.4713493530499076,0.7689463955637708,0.1858065177155653,0.3677708580850697
llada8b-n10-d2,2,128,Normalized_Cleaned,543.0,527.0,0.20543345543345543,0.6641366223908919,0.8823529411764706,0.03582188449208173,0.1606691715716522
llada8b-n10-d4,4,128,Normalized_Cleaned,543.0,491.0,0.41178266178266176,0.6272912423625254,0.8879837067209776,0.029973210297975752,0.14961449689049808
llada8b-n10-d8,8,128,Normalized_Cleaned,543.0,539.0,0.16544566544566544,0.6660482374768089,0.8682745825602969,0.04641616768178067,0.17208845541253223
llada8b-n10-d16,16,128,Normalized_Cleaned,543.0,543.0,0.0843101343101343,0.6335174953959485,0.85451197053407,0.08625805110942585,0.2340608234252694
llada8b-n10-d32,32,128,Normalized_Cleaned,543.0,541.0,0.06367521367521367,0.6487985212569316,0.8317929759704251,0.13189273773601132,0.31120427866853556
llada8b-n10-d64,64,128,Normalized_Cleaned,543.0,540.0,0.06442816442816443,0.5944444444444444,0.8018518518518518,0.17917998519338493,0.3675857289949764
llada8b-n10-d128,128,128,Normalized_Cleaned,543.0,541.0,0.0641025641025641,0.5859519408502772,0.7948243992606284,0.1806442735724094,0.36859552295169606
llada8b-n10-d2,2,256,Normalized_Cleaned,543.0,527.0,0.20543345543345543,0.7039848197343453,0.9184060721062619,0.0353963480172356,0.16654040719875027
llada8b-n10-d4,4,256,Normalized_Cleaned,543.0,491.0,0.41178266178266176,0.659877800407332,0.869653767820774,0.0334447815224725,0.15019393652133764
llada8b-n10-d8,8,256,Normalized_Cleaned,543.0,539.0,0.16544566544566544,0.6975881261595547,0.9053803339517625,0.04438529516206657,0.17260798522815327
llada8b-n10-d16,16,256,Normalized_Cleaned,543.0,543.0,0.0843101343101343,0.6758747697974218,0.8784530386740331,0.085836395935674,0.23525652348344592
llada8b-n10-d32,32,256,Normalized_Cleaned,543.0,541.0,0.06367521367521367,0.6561922365988909,0.8317929759704251,0.13102068920865,0.3141162750318684
llada8b-n10-d64,64,256,Normalized_Cleaned,543.0,540.0,0.06442816442816443,0.6166666666666667,0.8055555555555556,0.1798824800571942,0.3694290892183366
llada8b-n10-d128,128,256,Normalized_Cleaned,543.0,541.0,0.0641025641025641,0.5914972273567468,0.8022181146025879,0.18198190975264386,0.3706676713569572
llada8b-n10-d2,2,2,Normalized_Unfiltered,543.0,543.0,0.20543345543345543,0.4106813996316759,0.7513812154696132,0.0069786010611019985,0.15621219795317748
llada8b-n10-d4,4,2,Normalized_Unfiltered,543.0,543.0,0.41178266178266176,0.3996316758747698,0.7182320441988951,0.019882610659502965,0.15107827333260818
llada8b-n10-d8,8,2,Normalized_Unfiltered,543.0,543.0,0.16544566544566544,0.429097605893186,0.7200736648250461,0.04759187640966208,0.17807655980170448
llada8b-n10-d16,16,2,Normalized_Unfiltered,543.0,543.0,0.0843101343101343,0.3848987108655617,0.7311233885819521,0.07946736758906131,0.2189194939361885
llada8b-n10-d32,32,2,Normalized_Unfiltered,543.0,543.0,0.06367521367521367,0.42173112338858193,0.7495395948434622,0.14842708422429537,0.3567644852690407
llada8b-n10-d64,64,2,Normalized_Unfiltered,543.0,543.0,0.06442816442816443,0.4125230202578269,0.7237569060773481,0.1879599106339515,0.35134085840985446
llada8b-n10-d128,128,2,Normalized_Unfiltered,543.0,543.0,0.0641025641025641,0.3848987108655617,0.7182320441988951,0.20841464353984152,0.3857255408617995
llada8b-n10-d2,2,4,Normalized_Unfiltered,543.0,543.0,0.20543345543345543,0.42357274401473294,0.7697974217311234,0.01410514944815052,0.16064954337281415
llada8b-n10-d4,4,4,Normalized_Unfiltered,543.0,543.0,0.41178266178266176,0.4180478821362799,0.716390423572744,0.031146240524438543,0.13584195074983696
llada8b-n10-d8,8,4,Normalized_Unfiltered,543.0,543.0,0.16544566544566544,0.4125230202578269,0.7440147329650092,0.050677524362426514,0.1690854292311434
llada8b-n10-d16,16,4,Normalized_Unfiltered,543.0,543.0,0.0843101343101343,0.425414364640884,0.7476979742173112,0.08470350990160591,0.22879952377810273
llada8b-n10-d32,32,4,Normalized_Unfiltered,543.0,543.0,0.06367521367521367,0.44567219152854515,0.7569060773480663,0.14506366509530158,0.3497989020534904
llada8b-n10-d64,64,4,Normalized_Unfiltered,543.0,543.0,0.06442816442816443,0.42357274401473294,0.7384898710865562,0.18918566177877108,0.3495001343108385
llada8b-n10-d128,128,4,Normalized_Unfiltered,543.0,543.0,0.0641025641025641,0.40331491712707185,0.7237569060773481,0.20565221986232798,0.38349395568853073
llada8b-n10-d2,2,8,Normalized_Unfiltered,543.0,543.0,0.20543345543345543,0.43646408839779005,0.7918968692449355,0.010818484436544245,0.16228368714371408
llada8b-n10-d4,4,8,Normalized_Unfiltered,543.0,543.0,0.41178266178266176,0.4180478821362799,0.7311233885819521,0.02966265178708912,0.1233787470690269
llada8b-n10-d8,8,8,Normalized_Unfiltered,543.0,543.0,0.16544566544566544,0.43646408839779005,0.7421731123388582,0.04927651044058792,0.16687707168760318
llada8b-n10-d16,16,8,Normalized_Unfiltered,543.0,543.0,0.0843101343101343,0.42173112338858193,0.7569060773480663,0.08802665763181608,0.22903309436500086
llada8b-n10-d32,32,8,Normalized_Unfiltered,543.0,543.0,0.06367521367521367,0.4714548802946593,0.7771639042357275,0.13402315565486367,0.354794735357628
llada8b-n10-d64,64,8,Normalized_Unfiltered,543.0,543.0,0.06442816442816443,0.4106813996316759,0.7255985267034991,0.19919769130349832,0.34418466126637265
llada8b-n10-d128,128,8,Normalized_Unfiltered,543.0,543.0,0.0641025641025641,0.39594843462246776,0.7384898710865562,0.20469058633032625,0.3643700578205676
llada8b-n10-d2,2,16,Normalized_Unfiltered,543.0,543.0,0.20543345543345543,0.4732965009208103,0.8029465930018416,0.015321662936440796,0.16934201111943864
llada8b-n10-d4,4,16,Normalized_Unfiltered,543.0,543.0,0.41178266178266176,0.430939226519337,0.7421731123388582,0.027692010803677555,0.11628641857334525
llada8b-n10-d8,8,16,Normalized_Unfiltered,543.0,543.0,0.16544566544566544,0.4585635359116022,0.7624309392265194,0.052730676736921965,0.16306781913672858
llada8b-n10-d16,16,16,Normalized_Unfiltered,543.0,543.0,0.0843101343101343,0.4696132596685083,0.7734806629834254,0.08395982173737015,0.23125282692149723
llada8b-n10-d32,32,16,Normalized_Unfiltered,543.0,543.0,0.06367521367521367,0.46593001841620624,0.7771639042357275,0.1297330946297708,0.3400586274072949
llada8b-n10-d64,64,16,Normalized_Unfiltered,543.0,543.0,0.06442816442816443,0.43462246777163904,0.7311233885819521,0.1934914465129023,0.35096191155707457
llada8b-n10-d128,128,16,Normalized_Unfiltered,543.0,543.0,0.0641025641025641,0.3867403314917127,0.7550644567219152,0.1966058164074581,0.36574464422687514
llada8b-n10-d2,2,32,Normalized_Unfiltered,543.0,543.0,0.20543345543345543,0.5009208103130756,0.8084714548802947,0.01659054590956593,0.16293603319711256
llada8b-n10-d4,4,32,Normalized_Unfiltered,543.0,543.0,0.41178266178266176,0.43646408839779005,0.7440147329650092,0.031033060121026634,0.12269209867833826
llada8b-n10-d8,8,32,Normalized_Unfiltered,543.0,543.0,0.16544566544566544,0.4732965009208103,0.8121546961325967,0.04826946793379538,0.161952493309916
llada8b-n10-d16,16,32,Normalized_Unfiltered,543.0,543.0,0.0843101343101343,0.47697974217311234,0.7661141804788214,0.07921646473866688,0.23397922784581648
llada8b-n10-d32,32,32,Normalized_Unfiltered,543.0,543.0,0.06367521367521367,0.43646408839779005,0.7734806629834254,0.1338861393082185,0.31456037208413146
llada8b-n10-d64,64,32,Normalized_Unfiltered,543.0,543.0,0.06442816442816443,0.43278084714548803,0.7587476979742173,0.1945854419153193,0.3656017150810826
llada8b-n10-d128,128,32,Normalized_Unfiltered,543.0,543.0,0.0641025641025641,0.44014732965009207,0.7550644567219152,0.19829231987280574,0.36347997576159585
llada8b-n10-d2,2,64,Normalized_Unfiltered,543.0,543.0,0.20543345543345543,0.5561694290976059,0.8416206261510129,0.031551634393134916,0.15760455955136438
llada8b-n10-d4,4,64,Normalized_Unfiltered,543.0,543.0,0.41178266178266176,0.5082872928176796,0.8250460405156538,0.021148722708598744,0.13065789991056836
llada8b-n10-d8,8,64,Normalized_Unfiltered,543.0,543.0,0.16544566544566544,0.5543278084714549,0.8379373848987108,0.04331854055113599,0.16462174251575568
llada8b-n10-d16,16,64,Normalized_Unfiltered,543.0,543.0,0.0843101343101343,0.4990791896869245,0.7753222836095764,0.0858548602920169,0.22256997918241647
llada8b-n10-d32,32,64,Normalized_Unfiltered,543.0,543.0,0.06367521367521367,0.4548802946593002,0.7661141804788214,0.13394132326536146,0.29568774870777365
llada8b-n10-d64,64,64,Normalized_Unfiltered,543.0,543.0,0.06442816442816443,0.47882136279926335,0.8103130755064457,0.18228105739185108,0.3788783520694198
llada8b-n10-d128,128,64,Normalized_Unfiltered,543.0,543.0,0.0641025641025641,0.47697974217311234,0.7753222836095764,0.17962667787161257,0.36096244881677575
llada8b-n10-d2,2,128,Normalized_Unfiltered,543.0,543.0,0.20543345543345543,0.6869244935543278,0.8876611418047882,0.035222946311086585,0.15821733014889625
llada8b-n10-d4,4,128,Normalized_Unfiltered,543.0,543.0,0.41178266178266176,0.6703499079189686,0.8913443830570903,0.026804718634860565,0.13178091102660308
llada8b-n10-d8,8,128,Normalized_Unfiltered,543.0,543.0,0.16544566544566544,0.6832412523020258,0.8766114180478821,0.044471258367375706,0.17034014918430998
llada8b-n10-d16,16,128,Normalized_Unfiltered,543.0,543.0,0.0843101343101343,0.6427255985267035,0.848987108655617,0.08429313462036589,0.23217122756429953
llada8b-n10-d32,32,128,Normalized_Unfiltered,543.0,543.0,0.06367521367521367,0.6353591160220995,0.8360957642725598,0.12945860889282051,0.299497254050534
llada8b-n10-d64,64,128,Normalized_Unfiltered,543.0,543.0,0.06442816442816443,0.6058931860036832,0.8047882136279927,0.1719441689106402,0.35804498531430107
llada8b-n10-d128,128,128,Normalized_Unfiltered,543.0,543.0,0.0641025641025641,0.5893186003683242,0.7992633517495396,0.17585765805822212,0.35883394102112975
llada8b-n10-d2,2,256,Normalized_Unfiltered,543.0,543.0,0.20543345543345543,0.7255985267034991,0.8987108655616943,0.03458834578016005,0.1629469374839357
llada8b-n10-d4,4,256,Normalized_Unfiltered,543.0,543.0,0.41178266178266176,0.6721915285451197,0.8987108655616943,0.027142323459163325,0.12995422334869486
llada8b-n10-d8,8,256,Normalized_Unfiltered,543.0,543.0,0.16544566544566544,0.7090239410681399,0.9097605893186004,0.04271840573257023,0.17055706434980636
llada8b-n10-d16,16,256,Normalized_Unfiltered,543.0,543.0,0.0843101343101343,0.6777163904235728,0.8821362799263351,0.08382867607837609,0.2332434125249573
llada8b-n10-d32,32,256,Normalized_Unfiltered,543.0,543.0,0.06367521367521367,0.6390423572744015,0.8324125230202578,0.12893257217292967,0.30165742876767687
llada8b-n10-d64,64,256,Normalized_Unfiltered,543.0,543.0,0.06442816442816443,0.6169429097605893,0.8029465930018416,0.1726307480718534,0.35957259707670386
llada8b-n10-d128,128,256,Normalized_Unfiltered,543.0,543.0,0.0641025641025641,0.5930018416206262,0.8103130755064457,0.1769814009226159,0.3608568627771394
llada8b-n10-d2,2,2,Unnormalized_Cleaned,543.0,527.0,0.20543345543345543,0.4060721062618596,0.7362428842504743,0.15241346382816554,2.396231244578495
llada8b-n10-d4,4,2,Unnormalized_Cleaned,543.0,491.0,0.41178266178266176,0.4093686354378819,0.7026476578411406,0.3059480402703581,2.43521373086729
llada8b-n10-d8,8,2,Unnormalized_Cleaned,543.0,539.0,0.16544566544566544,0.3803339517625232,0.7105751391465677,1.3505894227880337,2.7975647189784825
llada8b-n10-d16,16,2,Unnormalized_Cleaned,543.0,543.0,0.0843101343101343,0.3683241252302026,0.7274401473296501,1.4378332550934634,3.7299764229824532
llada8b-n10-d32,32,2,Unnormalized_Cleaned,543.0,541.0,0.06367521367521367,0.4177449168207024,0.744916820702403,2.7226499665406036,6.064046015370008
llada8b-n10-d64,64,2,Unnormalized_Cleaned,543.0,540.0,0.06442816442816443,0.4148148148148148,0.7055555555555556,3.185036431680338,5.161877364431883
llada8b-n10-d128,128,2,Unnormalized_Cleaned,543.0,541.0,0.0641025641025641,0.36414048059149723,0.6987060998151571,3.355633661664987,5.0768026008882075
llada8b-n10-d2,2,4,Unnormalized_Cleaned,543.0,527.0,0.20543345543345543,0.4060721062618596,0.7798861480075902,0.2980566406100162,2.4498601000463847
llada8b-n10-d4,4,4,Unnormalized_Cleaned,543.0,491.0,0.41178266178266176,0.40122199592668023,0.7189409368635438,0.8788191071286241,2.825942044203702
llada8b-n10-d8,8,4,Unnormalized_Cleaned,543.0,539.0,0.16544566544566544,0.3821892393320965,0.7272727272727273,1.3086865380318988,2.721137767276217
llada8b-n10-d16,16,4,Unnormalized_Cleaned,543.0,543.0,0.0843101343101343,0.37937384898710863,0.7292817679558011,1.4386492763520131,3.8017870285165345
llada8b-n10-d32,32,4,Unnormalized_Cleaned,543.0,541.0,0.06367521367521367,0.4195933456561922,0.7541589648798521,2.54358461901166,6.017525776606113
llada8b-n10-d64,64,4,Unnormalized_Cleaned,543.0,540.0,0.06442816442816443,0.3925925925925926,0.6925925925925925,3.3474364982794724,5.02818120973275
llada8b-n10-d128,128,4,Unnormalized_Cleaned,543.0,541.0,0.0641025641025641,0.38632162661737524,0.7079482439926063,3.2178662800081947,4.984656029411443
llada8b-n10-d2,2,8,Unnormalized_Cleaned,543.0,527.0,0.20543345543345543,0.42314990512333966,0.7647058823529411,0.34786604277694577,2.4371986169378856
llada8b-n10-d4,4,8,Unnormalized_Cleaned,543.0,491.0,0.41178266178266176,0.3971486761710794,0.7230142566191446,0.814257958299118,2.468470245334413
llada8b-n10-d8,8,8,Unnormalized_Cleaned,543.0,539.0,0.16544566544566544,0.4025974025974026,0.7476808905380334,1.0613837173533271,2.9519537894029915
llada8b-n10-d16,16,8,Unnormalized_Cleaned,543.0,543.0,0.0843101343101343,0.3867403314917127,0.7569060773480663,1.4660917750082723,4.0250807595526235
llada8b-n10-d32,32,8,Unnormalized_Cleaned,543.0,541.0,0.06367521367521367,0.4343807763401109,0.7541589648798521,2.3682706406007585,6.2699386482654464
llada8b-n10-d64,64,8,Unnormalized_Cleaned,543.0,540.0,0.06442816442816443,0.37592592592592594,0.7,3.4593083098578665,4.9679702433674295
llada8b-n10-d128,128,8,Unnormalized_Cleaned,543.0,541.0,0.0641025641025641,0.38632162661737524,0.7190388170055453,3.1082290587849615,4.776334550169126
llada8b-n10-d2,2,16,Unnormalized_Cleaned,543.0,527.0,0.20543345543345543,0.444022770398482,0.7685009487666035,0.4854512249709253,2.5218833553713442
llada8b-n10-d4,4,16,Unnormalized_Cleaned,543.0,491.0,0.41178266178266176,0.39307535641547864,0.7433808553971487,0.7531144390259453,2.211656402186789
llada8b-n10-d8,8,16,Unnormalized_Cleaned,543.0,539.0,0.16544566544566544,0.44155844155844154,0.7588126159554731,1.1920527222392003,3.046666532266265
llada8b-n10-d16,16,16,Unnormalized_Cleaned,543.0,543.0,0.0843101343101343,0.3867403314917127,0.7495395948434622,1.469295711068479,3.901839388493136
llada8b-n10-d32,32,16,Unnormalized_Cleaned,543.0,541.0,0.06367521367521367,0.4399260628465804,0.7689463955637708,2.2551138060559124,6.006842568099643
llada8b-n10-d64,64,16,Unnormalized_Cleaned,543.0,540.0,0.06442816442816443,0.4,0.7148148148148148,3.36527017194281,5.1255731110968945
llada8b-n10-d128,128,16,Unnormalized_Cleaned,543.0,541.0,0.0641025641025641,0.3844731977818854,0.7282809611829945,2.9979137088739547,5.083977663720559
llada8b-n10-d2,2,32,Unnormalized_Cleaned,543.0,527.0,0.20543345543345543,0.4667931688804554,0.7666034155597723,0.5913207290115854,2.385959230502848
llada8b-n10-d4,4,32,Unnormalized_Cleaned,543.0,491.0,0.41178266178266176,0.42362525458248473,0.7739307535641547,0.6621837215967769,2.341806294594084
llada8b-n10-d8,8,32,Unnormalized_Cleaned,543.0,539.0,0.16544566544566544,0.4582560296846011,0.7606679035250464,1.0429271403018125,2.927584905101591
llada8b-n10-d16,16,32,Unnormalized_Cleaned,543.0,543.0,0.0843101343101343,0.429097605893186,0.7532228360957642,1.3191507592921126,3.776783966131354
llada8b-n10-d32,32,32,Unnormalized_Cleaned,543.0,541.0,0.06367521367521367,0.41404805914972276,0.7523105360443623,2.2560724910448458,5.4383101875795825
llada8b-n10-d64,64,32,Unnormalized_Cleaned,543.0,540.0,0.06442816442816443,0.40555555555555556,0.7592592592592593,3.298157484980094,5.584844054464588
llada8b-n10-d128,128,32,Unnormalized_Cleaned,543.0,541.0,0.0641025641025641,0.40850277264325324,0.7541589648798521,3.0655577207639846,5.377980451007363
llada8b-n10-d2,2,64,Unnormalized_Cleaned,543.0,527.0,0.20543345543345543,0.48956356736242884,0.7836812144212524,0.7268850857559778,2.3813445594259246
llada8b-n10-d4,4,64,Unnormalized_Cleaned,543.0,491.0,0.41178266178266176,0.47657841140529533,0.7841140529531568,0.39977506722653305,2.1195014880794263
llada8b-n10-d8,8,64,Unnormalized_Cleaned,543.0,539.0,0.16544566544566544,0.5046382189239332,0.7866419294990723,0.8383914466906196,2.79514745710243
llada8b-n10-d16,16,64,Unnormalized_Cleaned,543.0,543.0,0.0843101343101343,0.430939226519337,0.7569060773480663,1.4321068126547718,3.3814718490201416
llada8b-n10-d32,32,64,Unnormalized_Cleaned,543.0,541.0,0.06367521367521367,0.40850277264325324,0.7412199630314233,2.2749096273765,4.667538304427714
llada8b-n10-d64,64,64,Unnormalized_Cleaned,543.0,540.0,0.06442816442816443,0.44074074074074077,0.7870370370370371,3.041152388719112,6.0186633159308665
llada8b-n10-d128,128,64,Unnormalized_Cleaned,543.0,541.0,0.0641025641025641,0.4399260628465804,0.7486136783733827,2.9556331890992866,5.675329926016907
llada8b-n10-d2,2,128,Unnormalized_Cleaned,543.0,527.0,0.20543345543345543,0.6736242884250474,0.8842504743833017,0.5931859051680247,2.513420386009009
llada8b-n10-d4,4,128,Unnormalized_Cleaned,543.0,491.0,0.41178266178266176,0.6252545824847251,0.8513238289205702,0.421492665918678,2.1915526543488553
llada8b-n10-d8,8,128,Unnormalized_Cleaned,543.0,539.0,0.16544566544566544,0.6530612244897959,0.8849721706864564,0.8063914664262067,2.810990220336041
llada8b-n10-d16,16,128,Unnormalized_Cleaned,543.0,543.0,0.0843101343101343,0.6445672191528545,0.8655616942909761,1.431835036604422,3.789428237674315
llada8b-n10-d32,32,128,Unnormalized_Cleaned,543.0,541.0,0.06367521367521367,0.6284658040665434,0.8262476894639557,2.150068646820143,4.908321624039545
llada8b-n10-d64,64,128,Unnormalized_Cleaned,543.0,540.0,0.06442816442816443,0.5685185185185185,0.8203703703703704,2.8605356065560414,5.599623003721977
llada8b-n10-d128,128,128,Unnormalized_Cleaned,543.0,541.0,0.0641025641025641,0.5693160813308688,0.7948243992606284,2.8690150806604473,5.625671810433782
llada8b-n10-d2,2,256,Unnormalized_Cleaned,543.0,527.0,0.20543345543345543,0.7381404174573055,0.8994307400379506,0.562925449889983,2.584529991256242
llada8b-n10-d4,4,256,Unnormalized_Cleaned,543.0,491.0,0.41178266178266176,0.6802443991853361,0.8778004073319755,0.44458504949303823,2.218932759167438
llada8b-n10-d8,8,256,Unnormalized_Cleaned,543.0,539.0,0.16544566544566544,0.725417439703154,0.9183673469387755,0.7722167905613897,2.8227880157448717
llada8b-n10-d16,16,256,Unnormalized_Cleaned,543.0,543.0,0.0843101343101343,0.6961325966850829,0.8913443830570903,1.4079770681400092,3.8057328343735857
llada8b-n10-d32,32,256,Unnormalized_Cleaned,543.0,541.0,0.06367521367521367,0.6358595194085028,0.8373382624768947,2.144580064552722,4.949579272938305
llada8b-n10-d64,64,256,Unnormalized_Cleaned,543.0,540.0,0.06442816442816443,0.5796296296296296,0.8185185185185185,2.863640593204404,5.627389995409937
llada8b-n10-d128,128,256,Unnormalized_Cleaned,543.0,541.0,0.0641025641025641,0.5859519408502772,0.8040665434380776,2.884720379796411,5.658226445704429
llada8b-n10-d2,2,2,Unnormalized_Unfiltered,543.0,543.0,0.20543345543345543,0.4014732965009208,0.7348066298342542,0.10710554778878298,2.6045703422087976
llada8b-n10-d4,4,2,Unnormalized_Unfiltered,543.0,543.0,0.41178266178266176,0.3885819521178637,0.7071823204419889,0.28690038577969573,2.58668115251216
llada8b-n10-d8,8,2,Unnormalized_Unfiltered,543.0,543.0,0.16544566544566544,0.3720073664825046,0.7108655616942909,0.9081272257036066,2.955971716656284
llada8b-n10-d16,16,2,Unnormalized_Unfiltered,543.0,543.0,0.0843101343101343,0.3664825046040516,0.7348066298342542,1.3604251034194774,3.259650585743052
llada8b-n10-d32,32,2,Unnormalized_Unfiltered,543.0,543.0,0.06367521367521367,0.425414364640884,0.7421731123388582,2.585821637675775,5.89882708830387
llada8b-n10-d64,64,2,Unnormalized_Unfiltered,543.0,543.0,0.06442816442816443,0.4125230202578269,0.7071823204419889,3.200470286726558,4.9853656176917225
llada8b-n10-d128,128,2,Unnormalized_Unfiltered,543.0,543.0,0.0641025641025641,0.3720073664825046,0.7034990791896869,3.343853599267258,5.5321758601433855
llada8b-n10-d2,2,4,Unnormalized_Unfiltered,543.0,543.0,0.20543345543345543,0.42173112338858193,0.7697974217311234,0.2067909428033125,2.6044634399753415
llada8b-n10-d4,4,4,Unnormalized_Unfiltered,543.0,543.0,0.41178266178266176,0.3738489871086556,0.7053406998158379,0.5992254579120151,2.3265056379933724
llada8b-n10-d8,8,4,Unnormalized_Unfiltered,543.0,543.0,0.16544566544566544,0.4143646408839779,0.7384898710865562,0.9630858725181215,2.8092318831626057
llada8b-n10-d16,16,4,Unnormalized_Unfiltered,543.0,543.0,0.0843101343101343,0.3775322283609576,0.7292817679558011,1.379654064412041,3.446044338030891
llada8b-n10-d32,32,4,Unnormalized_Unfiltered,543.0,543.0,0.06367521367521367,0.40331491712707185,0.7440147329650092,2.434082926486329,5.798888638198267
llada8b-n10-d64,64,4,Unnormalized_Unfiltered,543.0,543.0,0.06442816442816443,0.3885819521178637,0.6924493554327809,3.324319910334116,4.936376319838851
llada8b-n10-d128,128,4,Unnormalized_Unfiltered,543.0,543.0,0.0641025641025641,0.39594843462246776,0.7108655616942909,3.1616167251883613,5.455654109674002
llada8b-n10-d2,2,8,Unnormalized_Unfiltered,543.0,543.0,0.20543345543345543,0.429097605893186,0.7569060773480663,0.19010548115629025,2.5785670524385877
llada8b-n10-d4,4,8,Unnormalized_Unfiltered,543.0,543.0,0.41178266178266176,0.3885819521178637,0.6998158379373849,0.6019978806507249,2.0141514961939544
llada8b-n10-d8,8,8,Unnormalized_Unfiltered,543.0,543.0,0.16544566544566544,0.430939226519337,0.7495395948434622,0.836411502640604,2.861434636469851
llada8b-n10-d16,16,8,Unnormalized_Unfiltered,543.0,543.0,0.0843101343101343,0.4014732965009208,0.7292817679558011,1.4666287571122563,3.6223082700727134
llada8b-n10-d32,32,8,Unnormalized_Unfiltered,543.0,543.0,0.06367521367521367,0.42357274401473294,0.7550644567219152,2.252728148155055,5.9843712269806355
llada8b-n10-d64,64,8,Unnormalized_Unfiltered,543.0,543.0,0.06442816442816443,0.3756906077348066,0.7071823204419889,3.43713985425837,4.838843061390223
llada8b-n10-d128,128,8,Unnormalized_Unfiltered,543.0,543.0,0.0641025641025641,0.3996316758747698,0.7237569060773481,3.0591753355721822,5.088336839616476
llada8b-n10-d2,2,16,Unnormalized_Unfiltered,543.0,543.0,0.20543345543345543,0.44935543278084716,0.7808471454880295,0.3097631197349999,2.584552904765549
llada8b-n10-d4,4,16,Unnormalized_Unfiltered,543.0,543.0,0.41178266178266176,0.39779005524861877,0.7016574585635359,0.6457505852316295,2.012834632485809
llada8b-n10-d8,8,16,Unnormalized_Unfiltered,543.0,543.0,0.16544566544566544,0.43278084714548803,0.7624309392265194,1.0093504565058293,2.8626073198567266
llada8b-n10-d16,16,16,Unnormalized_Unfiltered,543.0,543.0,0.0843101343101343,0.4106813996316759,0.7384898710865562,1.4043309567804683,3.524621621077525
llada8b-n10-d32,32,16,Unnormalized_Unfiltered,543.0,543.0,0.06367521367521367,0.4419889502762431,0.7550644567219152,2.2183731232725084,5.7171032311797605
llada8b-n10-d64,64,16,Unnormalized_Unfiltered,543.0,543.0,0.06442816442816443,0.3812154696132597,0.7090239410681399,3.3522456767995856,4.934412043011921
llada8b-n10-d128,128,16,Unnormalized_Unfiltered,543.0,543.0,0.0641025641025641,0.3885819521178637,0.7348066298342542,2.9694436786551024,5.218327126710191
llada8b-n10-d2,2,32,Unnormalized_Unfiltered,543.0,543.0,0.20543345543345543,0.4843462246777164,0.7826887661141805,0.41089046582340283,2.4025647772655323
llada8b-n10-d4,4,32,Unnormalized_Unfiltered,543.0,543.0,0.41178266178266176,0.4143646408839779,0.7661141804788214,0.6769965365223628,2.242343987448395
llada8b-n10-d8,8,32,Unnormalized_Unfiltered,543.0,543.0,0.16544566544566544,0.44935543278084716,0.7771639042357275,0.9224653506350053,2.7192149999608537
llada8b-n10-d16,16,32,Unnormalized_Unfiltered,543.0,543.0,0.0843101343101343,0.43278084714548803,0.7458563535911602,1.2543716477824987,3.4923686029892
llada8b-n10-d32,32,32,Unnormalized_Unfiltered,543.0,543.0,0.06367521367521367,0.4088397790055249,0.7403314917127072,2.3146934503933068,5.143842355516643
llada8b-n10-d64,64,32,Unnormalized_Unfiltered,543.0,543.0,0.06442816442816443,0.39042357274401474,0.7679558011049724,3.267470586465044,5.388522924949183
llada8b-n10-d128,128,32,Unnormalized_Unfiltered,543.0,543.0,0.0641025641025641,0.4088397790055249,0.7624309392265194,3.027267503301334,5.427526185680368
llada8b-n10-d2,2,64,Unnormalized_Unfiltered,543.0,543.0,0.20543345543345543,0.49355432780847147,0.8121546961325967,0.6391346115725625,2.386666477502861
llada8b-n10-d4,4,64,Unnormalized_Unfiltered,543.0,543.0,0.41178266178266176,0.4990791896869245,0.8121546961325967,0.3847788097844367,2.226092700383843
llada8b-n10-d8,8,64,Unnormalized_Unfiltered,543.0,543.0,0.16544566544566544,0.5064456721915286,0.7955801104972375,0.7216997272710262,2.6472679141703215
llada8b-n10-d16,16,64,Unnormalized_Unfiltered,543.0,543.0,0.0843101343101343,0.43462246777163904,0.7366482504604052,1.4258759236348775,3.3549494384764698
llada8b-n10-d32,32,64,Unnormalized_Unfiltered,543.0,543.0,0.06367521367521367,0.4088397790055249,0.7311233885819521,2.362355385113412,4.411180670875499
llada8b-n10-d64,64,64,Unnormalized_Unfiltered,543.0,543.0,0.06442816442816443,0.43830570902394106,0.7863720073664825,2.9999135781175412,5.9295715628424706
llada8b-n10-d128,128,64,Unnormalized_Unfiltered,543.0,543.0,0.0641025641025641,0.425414364640884,0.7697974217311234,2.892791277268476,5.571995364548063
llada8b-n10-d2,2,128,Unnormalized_Unfiltered,543.0,543.0,0.20543345543345543,0.6998158379373849,0.8913443830570903,0.6362977865990507,2.51261031346097
llada8b-n10-d4,4,128,Unnormalized_Unfiltered,543.0,543.0,0.41178266178266176,0.6556169429097606,0.8729281767955801,0.49511712086749865,2.2241557930005307
llada8b-n10-d8,8,128,Unnormalized_Unfiltered,543.0,543.0,0.16544566544566544,0.6721915285451197,0.8802946593001841,0.7870272991308292,2.798442308452328
llada8b-n10-d16,16,128,Unnormalized_Unfiltered,543.0,543.0,0.0843101343101343,0.6482504604051565,0.858195211786372,1.403505873284191,3.686090507428569
llada8b-n10-d32,32,128,Unnormalized_Unfiltered,543.0,543.0,0.06367521367521367,0.6151012891344383,0.8360957642725598,2.10771595682655,4.695541933084966
llada8b-n10-d64,64,128,Unnormalized_Unfiltered,543.0,543.0,0.06442816442816443,0.585635359116022,0.8342541436464088,2.7250211612232804,5.420717433333801
llada8b-n10-d128,128,128,Unnormalized_Unfiltered,543.0,543.0,0.0641025641025641,0.567219152854512,0.7900552486187845,2.7923219931855963,5.457863181161155
llada8b-n10-d2,2,256,Unnormalized_Unfiltered,543.0,543.0,0.20543345543345543,0.7440147329650092,0.8950276243093923,0.5897036699007068,2.558025926107108
llada8b-n10-d4,4,256,Unnormalized_Unfiltered,543.0,543.0,0.41178266178266176,0.6832412523020258,0.8839779005524862,0.48092847032397595,2.227294485157716
llada8b-n10-d8,8,256,Unnormalized_Unfiltered,543.0,543.0,0.16544566544566544,0.714548802946593,0.9208103130755064,0.7555842372451494,2.7850035965389046
llada8b-n10-d16,16,256,Unnormalized_Unfiltered,543.0,543.0,0.0843101343101343,0.6979742173112339,0.8950276243093923,1.3812722028324749,3.7047799762924942
llada8b-n10-d32,32,256,Unnormalized_Unfiltered,543.0,543.0,0.06367521367521367,0.6206261510128913,0.8342541436464088,2.0997349580304077,4.732243638244374
llada8b-n10-d64,64,256,Unnormalized_Unfiltered,543.0,543.0,0.06442816442816443,0.583793738489871,0.8324125230202578,2.72900798362594,5.441927780056756
llada8b-n10-d128,128,256,Unnormalized_Unfiltered,543.0,543.0,0.0641025641025641,0.5948434622467772,0.8047882136279927,2.8020107158470644,5.484679075717094
