run_dir,metric_key,non_alnum_ratio,max_consec_repeat,total_instances,evaluated_instances,ranking_accuracy_all,ranking_accuracy_any,artifact_rate,bootstrap_reps,all_ci_low,all_ci_high,any_ci_low,any_ci_high
results/llama8b-n100,empirical_KL_div_normalized_clean,0.25,8,543,543,0.7679558011049724,0.9244935543278084,0.0939532475058802,5000,0.7329650092081031,0.8029465930018416,0.9023941068139963,0.9465930018416207
results/llama8b-n100,empirical_KL_div_normalized_clean,0.25,12,543,543,0.7679558011049724,0.9244935543278084,0.0939286925641982,5000,0.7329650092081031,0.8029465930018416,0.9023941068139963,0.9465930018416207
results/llama8b-n100,empirical_KL_div_normalized_clean,0.25,20,543,543,0.7679558011049724,0.9244935543278084,0.09391027635793668,5000,0.7329650092081031,0.8029465930018416,0.9023941068139963,0.9465930018416207
results/llama8b-n100,empirical_KL_div_normalized_clean,0.35,8,543,543,0.7587476979742173,0.9300184162062615,0.025291022473786694,5000,0.7237569060773481,0.7937384898710865,0.9079189686924494,0.9502762430939227
results/llama8b-n100,empirical_KL_div_normalized_clean,0.35,12,543,543,0.7605893186003683,0.9300184162062615,0.02522963511958166,5000,0.7255985267034991,0.7955801104972375,0.9079189686924494,0.9502762430939227
results/llama8b-n100,empirical_KL_div_normalized_clean,0.35,20,543,543,0.7605893186003683,0.9300184162062615,0.02521121891332015,5000,0.7255985267034991,0.7955801104972375,0.9079189686924494,0.9502762430939227
results/llama8b-n100,empirical_KL_div_normalized_clean,0.45,8,543,543,0.7624309392265194,0.9300184162062615,0.02198376490503564,5000,0.7274401473296501,0.7974217311233885,0.9079189686924494,0.9502762430939227
results/llama8b-n100,empirical_KL_div_normalized_clean,0.45,12,543,543,0.7624309392265194,0.9300184162062615,0.0219101000799896,5000,0.7274401473296501,0.7974217311233885,0.9079189686924494,0.9502762430939227
results/llama8b-n100,empirical_KL_div_normalized_clean,0.45,20,543,543,0.7624309392265194,0.9300184162062615,0.021860990196625567,5000,0.7274401473296501,0.7974217311233885,0.9079189686924494,0.9502762430939227
results/llama8b-n100-t2.0,empirical_KL_div_normalized_clean,0.25,8,543,543,0.8434622467771639,0.9465930018416207,0.5377716081110329,5000,0.8139963167587477,0.8729281767955801,0.9263351749539595,0.9650092081031307
results/llama8b-n100-t2.0,empirical_KL_div_normalized_clean,0.25,12,543,543,0.8434622467771639,0.9465930018416207,0.5352880328422699,5000,0.8139963167587477,0.8729281767955801,0.9263351749539595,0.9650092081031307
results/llama8b-n100-t2.0,empirical_KL_div_normalized_clean,0.25,20,543,543,0.8434622467771639,0.9484346224677717,0.5333882344753664,5000,0.8139963167587477,0.8729281767955801,0.9281767955801105,0.9668508287292817
results/llama8b-n100-t2.0,empirical_KL_div_normalized_clean,0.35,8,543,543,0.8471454880294659,0.9429097605893186,0.5194890585842856,5000,0.8176795580110497,0.8766114180478821,0.9226519337016574,0.9613259668508287
results/llama8b-n100-t2.0,empirical_KL_div_normalized_clean,0.35,12,543,543,0.8471454880294659,0.9429097605893186,0.5167698107962405,5000,0.8176795580110497,0.8766114180478821,0.9226519337016574,0.9613259668508287
results/llama8b-n100-t2.0,empirical_KL_div_normalized_clean,0.35,20,543,543,0.8471454880294659,0.9429097605893186,0.514252261742082,5000,0.8176795580110497,0.8766114180478821,0.9226519337016574,0.9613259668508287
results/llama8b-n100-t2.0,empirical_KL_div_normalized_clean,0.45,8,543,543,0.8471454880294659,0.9484346224677717,0.5141721251346867,5000,0.8176795580110497,0.8766114180478821,0.9300184162062615,0.9668508287292817
results/llama8b-n100-t2.0,empirical_KL_div_normalized_clean,0.45,12,543,543,0.8471454880294659,0.9484346224677717,0.5113853512570161,5000,0.8176795580110497,0.8766114180478821,0.9300184162062615,0.9668508287292817
results/llama8b-n100-t2.0,empirical_KL_div_normalized_clean,0.45,20,543,543,0.8471454880294659,0.9484346224677717,0.5087341235788639,5000,0.8176795580110497,0.8766114180478821,0.9300184162062615,0.9668508287292817
results/llada8b-n10-d2,empirical_KL_div_normalized_clean,0.25,8,543,507,0.6568047337278107,0.8757396449704142,0.4665899324739104,5000,0.6153846153846154,0.6982248520710059,0.8461538461538461,0.903353057199211
results/llada8b-n10-d2,empirical_KL_div_normalized_clean,0.25,12,543,507,0.6568047337278107,0.8757396449704142,0.4665899324739104,5000,0.6153846153846154,0.6982248520710059,0.8461538461538461,0.903353057199211
results/llada8b-n10-d2,empirical_KL_div_normalized_clean,0.25,20,543,507,0.6568047337278107,0.8757396449704142,0.4665285451197053,5000,0.6153846153846154,0.6982248520710059,0.8461538461538461,0.903353057199211
results/llada8b-n10-d2,empirical_KL_div_normalized_clean,0.35,8,543,527,0.7039848197343453,0.9184060721062619,0.20569367710251688,5000,0.6641366223908919,0.7419829222011378,0.8937381404174574,0.9411764705882353
results/llada8b-n10-d2,empirical_KL_div_normalized_clean,0.35,12,543,527,0.7039848197343453,0.9184060721062619,0.20558624923265806,5000,0.6641366223908919,0.7419829222011378,0.8937381404174574,0.9411764705882353
results/llada8b-n10-d2,empirical_KL_div_normalized_clean,0.35,20,543,527,0.7039848197343453,0.9184060721062619,0.20535604665438917,5000,0.6641366223908919,0.7419829222011378,0.8937381404174574,0.9411764705882353
results/llada8b-n10-d2,empirical_KL_div_normalized_clean,0.45,8,543,529,0.7164461247637051,0.9149338374291115,0.1780472000545665,5000,0.6767485822306238,0.7542533081285444,0.8903591682419659,0.9376181474480151
results/llada8b-n10-d2,empirical_KL_div_normalized_clean,0.45,12,543,529,0.7164461247637051,0.9149338374291115,0.17781699747629764,5000,0.6767485822306238,0.7542533081285444,0.8903591682419659,0.9376181474480151
results/llada8b-n10-d2,empirical_KL_div_normalized_clean,0.45,20,543,529,0.7164461247637051,0.9149338374291115,0.1774640201896187,5000,0.6767485822306238,0.7542533081285444,0.8903591682419659,0.9376181474480151
results/llada8b-n10-d4,empirical_KL_div_normalized_clean,0.25,8,543,474,0.6497890295358649,0.8523206751054853,0.46879646681672466,5000,0.6096518987341772,0.6919831223628692,0.820675105485232,0.8818565400843882
results/llada8b-n10-d4,empirical_KL_div_normalized_clean,0.25,12,543,475,0.6505263157894737,0.8547368421052631,0.4683667553372894,5000,0.608421052631579,0.6947368421052632,0.8231578947368421,0.8842105263157894
results/llada8b-n10-d4,empirical_KL_div_normalized_clean,0.25,20,543,475,0.6505263157894737,0.8547368421052631,0.46824398062887934,5000,0.608421052631579,0.6947368421052632,0.8231578947368421,0.8842105263157894
results/llada8b-n10-d4,empirical_KL_div_normalized_clean,0.35,8,543,490,0.6591836734693878,0.8693877551020408,0.4128742923402224,5000,0.6163265306122448,0.7,0.8387755102040816,0.8979591836734694
results/llada8b-n10-d4,empirical_KL_div_normalized_clean,0.35,12,543,491,0.659877800407332,0.869653767820774,0.41203021621990316,5000,0.6171079429735234,0.7006109979633401,0.8391038696537678,0.8981670061099797
results/llada8b-n10-d4,empirical_KL_div_normalized_clean,0.35,20,543,491,0.659877800407332,0.869653767820774,0.4116618920946729,5000,0.6171079429735234,0.7006109979633401,0.8391038696537678,0.8981670061099797
results/llada8b-n10-d4,empirical_KL_div_normalized_clean,0.45,8,543,492,0.6585365853658537,0.8678861788617886,0.40344451265261577,5000,0.6158536585365854,0.6991869918699187,0.8373983739837398,0.8963414634146342
results/llada8b-n10-d4,empirical_KL_div_normalized_clean,0.45,12,543,493,0.6592292089249493,0.8681541582150102,0.4026004365322966,5000,0.6166328600405679,0.6997971602434077,0.8377281947261663,0.896551724137931
results/llada8b-n10-d4,empirical_KL_div_normalized_clean,0.45,20,543,493,0.6592292089249493,0.8681541582150102,0.40217072505286133,5000,0.6166328600405679,0.6997971602434077,0.8377281947261663,0.896551724137931
results/llada8b-n10-d8,empirical_KL_div_normalized_clean,0.25,8,543,530,0.6792452830188679,0.8886792452830189,0.35888240911261166,5000,0.6396226415094339,0.7188679245283018,0.8603773584905661,0.9150943396226415
results/llada8b-n10-d8,empirical_KL_div_normalized_clean,0.25,12,543,530,0.6792452830188679,0.8886792452830189,0.35888240911261166,5000,0.6396226415094339,0.7188679245283018,0.8603773584905661,0.9150943396226415
results/llada8b-n10-d8,empirical_KL_div_normalized_clean,0.25,20,543,530,0.6792452830188679,0.8886792452830189,0.35888240911261166,5000,0.6396226415094339,0.7188679245283018,0.8603773584905661,0.9150943396226415
results/llada8b-n10-d8,empirical_KL_div_normalized_clean,0.35,8,543,539,0.6975881261595547,0.9053803339517625,0.1660783711888684,5000,0.6567717996289425,0.7346938775510204,0.8794063079777366,0.9294990723562152
results/llada8b-n10-d8,empirical_KL_div_normalized_clean,0.35,12,543,539,0.6975881261595547,0.9053803339517625,0.16571004706363823,5000,0.6567717996289425,0.7346938775510204,0.8794063079777366,0.9294990723562152
results/llada8b-n10-d8,empirical_KL_div_normalized_clean,0.35,20,543,539,0.6975881261595547,0.9053803339517625,0.16558727235522816,5000,0.6567717996289425,0.7346938775510204,0.8794063079777366,0.9294990723562152
results/llada8b-n10-d8,empirical_KL_div_normalized_clean,0.45,8,543,541,0.6950092421441775,0.9075785582255084,0.14296773753495667,5000,0.6543438077634011,0.7338262476894639,0.8817005545286506,0.9316081330868762
results/llada8b-n10-d8,empirical_KL_div_normalized_clean,0.45,12,543,541,0.6950092421441775,0.9075785582255084,0.14230782347725257,5000,0.6543438077634011,0.7338262476894639,0.8817005545286506,0.9316081330868762
results/llada8b-n10-d8,empirical_KL_div_normalized_clean,0.45,20,543,541,0.6950092421441775,0.9075785582255084,0.1420622740604324,5000,0.6543438077634011,0.7338262476894639,0.8817005545286506,0.9316081330868762
results/llada8b-n10-d16,empirical_KL_div_normalized_clean,0.25,8,543,542,0.6494464944649446,0.8597785977859779,0.2943762362731055,5000,0.6088560885608856,0.6881918819188192,0.8284132841328413,0.8874538745387454
results/llada8b-n10-d16,empirical_KL_div_normalized_clean,0.25,12,543,542,0.6494464944649446,0.8597785977859779,0.2943148489189005,5000,0.6088560885608856,0.6881918819188192,0.8284132841328413,0.8874538745387454
results/llada8b-n10-d16,empirical_KL_div_normalized_clean,0.25,20,543,542,0.6494464944649446,0.8597785977859779,0.29425346156469545,5000,0.6088560885608856,0.6881918819188192,0.8284132841328413,0.8874538745387454
results/llada8b-n10-d16,empirical_KL_div_normalized_clean,0.35,8,543,543,0.6740331491712708,0.8784530386740331,0.08464804583589113,5000,0.6353591160220995,0.712707182320442,0.8507826887661143,0.9042817679558005
results/llada8b-n10-d16,empirical_KL_div_normalized_clean,0.35,12,543,543,0.6758747697974218,0.8784530386740331,0.084402496419071,5000,0.6372007366482505,0.714548802946593,0.8507826887661143,0.9042817679558005
results/llada8b-n10-d16,empirical_KL_div_normalized_clean,0.35,20,543,543,0.6758747697974218,0.8784530386740331,0.084211513539322,5000,0.6372007366482505,0.714548802946593,0.8507826887661143,0.9042817679558005
results/llada8b-n10-d16,empirical_KL_div_normalized_clean,0.45,8,543,543,0.6721915285451197,0.8858195211786372,0.06613464293022303,5000,0.6335174953959485,0.7108655616942909,0.858195211786372,0.9116022099447514
results/llada8b-n10-d16,empirical_KL_div_normalized_clean,0.45,12,543,543,0.6740331491712708,0.8858195211786372,0.06558215674237773,5000,0.6353591160220995,0.712707182320442,0.858195211786372,0.9116022099447514
results/llada8b-n10-d16,empirical_KL_div_normalized_clean,0.45,20,543,543,0.6740331491712708,0.8858195211786372,0.06532978650842369,5000,0.6353591160220995,0.712707182320442,0.858195211786372,0.9116022099447514
results/llada8b-n10-d32,empirical_KL_div_normalized_clean,0.25,8,543,538,0.6412639405204461,0.8364312267657993,0.2312376372689448,5000,0.6003717472118959,0.6802973977695167,0.8048327137546468,0.8680297397769516
results/llada8b-n10-d32,empirical_KL_div_normalized_clean,0.25,12,543,538,0.6412639405204461,0.8364312267657993,0.2312376372689448,5000,0.6003717472118959,0.6802973977695167,0.8048327137546468,0.8680297397769516
results/llada8b-n10-d32,empirical_KL_div_normalized_clean,0.25,20,543,538,0.6412639405204461,0.8364312267657993,0.2312376372689448,5000,0.6003717472118959,0.6802973977695167,0.8048327137546468,0.8680297397769516
results/llada8b-n10-d32,empirical_KL_div_normalized_clean,0.35,8,543,541,0.6561922365988909,0.8317929759704251,0.06380021826614828,5000,0.6155268022181146,0.6950092421441775,0.800369685767098,0.8632162661737524
results/llada8b-n10-d32,empirical_KL_div_normalized_clean,0.35,12,543,541,0.6561922365988909,0.8317929759704251,0.06373883091194324,5000,0.6155268022181146,0.6950092421441775,0.800369685767098,0.8632162661737524
results/llada8b-n10-d32,empirical_KL_div_normalized_clean,0.35,20,543,541,0.6561922365988909,0.8317929759704251,0.06373883091194324,5000,0.6155268022181146,0.6950092421441775,0.800369685767098,0.8632162661737524
results/llada8b-n10-d32,empirical_KL_div_normalized_clean,0.45,8,543,541,0.6561922365988909,0.833641404805915,0.05333196916990655,5000,0.6155268022181146,0.6950092421441775,0.8022181146025879,0.8650646950092421
results/llada8b-n10-d32,empirical_KL_div_normalized_clean,0.45,12,543,541,0.6561922365988909,0.833641404805915,0.05313246026874019,5000,0.6155268022181146,0.6950092421441775,0.8022181146025879,0.8650646950092421
results/llada8b-n10-d32,empirical_KL_div_normalized_clean,0.45,20,543,541,0.6561922365988909,0.833641404805915,0.05313246026874019,5000,0.6155268022181146,0.6950092421441775,0.8022181146025879,0.8650646950092421
results/llada8b-n10-d64,empirical_KL_div_normalized_clean,0.25,8,543,535,0.6074766355140186,0.8037383177570093,0.21458899704756054,5000,0.5663551401869159,0.6485981308411215,0.7700934579439253,0.8355140186915888
results/llada8b-n10-d64,empirical_KL_div_normalized_clean,0.25,12,543,535,0.6074766355140186,0.8037383177570093,0.21458899704756054,5000,0.5663551401869159,0.6485981308411215,0.7700934579439253,0.8355140186915888
results/llada8b-n10-d64,empirical_KL_div_normalized_clean,0.25,20,543,535,0.6074766355140186,0.8037383177570093,0.21458899704756054,5000,0.5663551401869159,0.6485981308411215,0.7700934579439253,0.8355140186915888
results/llada8b-n10-d64,empirical_KL_div_normalized_clean,0.35,8,543,540,0.6166666666666667,0.8055555555555556,0.06510561304529996,5000,0.575925925925926,0.6574074074074074,0.774074074074074,0.837037037037037
results/llada8b-n10-d64,empirical_KL_div_normalized_clean,0.35,12,543,540,0.6166666666666667,0.8055555555555556,0.06510561304529996,5000,0.575925925925926,0.6574074074074074,0.774074074074074,0.837037037037037
results/llada8b-n10-d64,empirical_KL_div_normalized_clean,0.35,20,543,540,0.6166666666666667,0.8055555555555556,0.06510561304529996,5000,0.575925925925926,0.6574074074074074,0.774074074074074,0.837037037037037
results/llada8b-n10-d64,empirical_KL_div_normalized_clean,0.45,8,543,540,0.6185185185185185,0.8074074074074075,0.05878101035789801,5000,0.5777777777777777,0.6592592592592592,0.774074074074074,0.8388888888888889
results/llada8b-n10-d64,empirical_KL_div_normalized_clean,0.45,12,543,540,0.6185185185185185,0.8074074074074075,0.05878101035789801,5000,0.5777777777777777,0.6592592592592592,0.774074074074074,0.8388888888888889
results/llada8b-n10-d64,empirical_KL_div_normalized_clean,0.45,20,543,540,0.6185185185185185,0.8074074074074075,0.05878101035789801,5000,0.5777777777777777,0.6592592592592592,0.774074074074074,0.8388888888888889
results/llada8b-n10-d128,empirical_KL_div_normalized_clean,0.25,8,543,534,0.5786516853932584,0.8014981273408239,0.21406623013437007,5000,0.5355805243445693,0.6217228464419475,0.7677902621722846,0.8352059925093633
results/llada8b-n10-d128,empirical_KL_div_normalized_clean,0.25,12,543,534,0.5786516853932584,0.8014981273408239,0.21406623013437007,5000,0.5355805243445693,0.6217228464419475,0.7677902621722846,0.8352059925093633
results/llada8b-n10-d128,empirical_KL_div_normalized_clean,0.25,20,543,534,0.5786516853932584,0.8014981273408239,0.21406623013437007,5000,0.5355805243445693,0.6217228464419475,0.7677902621722846,0.8352059925093633
results/llada8b-n10-d128,empirical_KL_div_normalized_clean,0.35,8,543,541,0.5914972273567468,0.8022181146025879,0.06435611486256053,5000,0.5489833641404805,0.6321626617375231,0.7689463955637708,0.8354898336414048
results/llada8b-n10-d128,empirical_KL_div_normalized_clean,0.35,12,543,541,0.5914972273567468,0.8022181146025879,0.06435611486256053,5000,0.5489833641404805,0.6321626617375231,0.7689463955637708,0.8354898336414048
results/llada8b-n10-d128,empirical_KL_div_normalized_clean,0.35,20,543,541,0.5914972273567468,0.8022181146025879,0.06435611486256053,5000,0.5489833641404805,0.6321626617375231,0.7689463955637708,0.8354898336414048
results/llada8b-n10-d128,empirical_KL_div_normalized_clean,0.45,8,543,541,0.5914972273567468,0.8077634011090573,0.05808948912079666,5000,0.5489833641404805,0.6321626617375231,0.7744916820702403,0.8391866913123844
results/llada8b-n10-d128,empirical_KL_div_normalized_clean,0.45,12,543,541,0.5914972273567468,0.8077634011090573,0.05802810176659163,5000,0.5489833641404805,0.6321626617375231,0.7744916820702403,0.8391866913123844
results/llada8b-n10-d128,empirical_KL_div_normalized_clean,0.45,20,543,541,0.5914972273567468,0.8077634011090573,0.05802810176659163,5000,0.5489833641404805,0.6321626617375231,0.7744916820702403,0.8391866913123844
