run_dir,summary_file,k,metric_variant,metric_key,total_instances,evaluated_instances,ranking_accuracy_all,ranking_accuracy_any,artifact_rate,bootstrap_reps,all_ci_low,all_ci_high,any_ci_low,any_ci_high
results/llama8b-n100,summary.jsonl,,unnormalized_unfiltered,empirical_KL_div_all,543,543,0.7790055248618785,0.9392265193370166,0.02514308214124052,5000,0.7440147329650092,0.8121546961325967,0.9171270718232044,0.9576427255985267
results/llama8b-n100,summary.jsonl,,unnormalized_cleaned,empirical_KL_div_clean,543,543,0.7771639042357275,0.9392265193370166,0.02514308214124052,5000,0.7421731123388582,0.8121546961325967,0.9189686924493554,0.9576427255985267
results/llama8b-n100,summary.jsonl,,normalized_unfiltered,empirical_KL_div_normalized_all,543,543,0.7605893186003683,0.9281767955801105,0.02514308214124052,5000,0.7237569060773481,0.7955801104972375,0.9060313075506446,0.9502762430939227
results/llama8b-n100,summary.jsonl,,normalized_cleaned,empirical_KL_div_normalized_clean,543,543,0.7605893186003683,0.9300184162062615,0.02514308214124052,5000,0.7237569060773481,0.7955801104972375,0.9079189686924494,0.9502762430939227
results/llama8b-n100-t2.0,summary.jsonl,,unnormalized_unfiltered,empirical_KL_div_all,543,543,0.8839779005524862,0.9705340699815838,0.4942891623416486,5000,0.856353591160221,0.9097605893186004,0.9558011049723757,0.9834254143646409
results/llama8b-n100-t2.0,summary.jsonl,,unnormalized_cleaned,empirical_KL_div_clean,543,543,0.8729281767955801,0.9631675874769797,0.4942891623416486,5000,0.8453038674033149,0.9005524861878453,0.9465930018416207,0.9779005524861878
results/llama8b-n100-t2.0,summary.jsonl,,normalized_unfiltered,empirical_KL_div_normalized_all,543,543,0.8416206261510129,0.9447513812154696,0.4942891623416486,5000,0.8103130755064457,0.8729281767955801,0.9244935543278084,0.9631675874769797
results/llama8b-n100-t2.0,summary.jsonl,,normalized_cleaned,empirical_KL_div_normalized_clean,543,543,0.8471454880294659,0.9429097605893186,0.4942891623416486,5000,0.8158379373848987,0.8784530386740331,0.9226519337016574,0.9631675874769797
results/llada8b-n10-d2,summary_mc128.jsonl,128,unnormalized_unfiltered,empirical_KL_div_all,543,543,0.6998158379373849,0.8913443830570903,0.20527931246163292,5000,0.6611418047882136,0.7384898710865562,0.8637200736648251,0.9171270718232044
results/llada8b-n10-d2,summary_mc128.jsonl,128,unnormalized_cleaned,empirical_KL_div_clean,543,527,0.6736242884250474,0.8842504743833017,0.20527931246163292,5000,0.6318785578747628,0.713472485768501,0.855787476280835,0.9108159392789373
results/llada8b-n10-d2,summary_mc128.jsonl,128,normalized_unfiltered,empirical_KL_div_normalized_all,543,543,0.6869244935543278,0.8876611418047882,0.20527931246163292,5000,0.6482504604051565,0.7255985267034991,0.860036832412523,0.9134438305709024
results/llada8b-n10-d2,summary_mc128.jsonl,128,normalized_cleaned,empirical_KL_div_normalized_clean,543,527,0.6641366223908919,0.8823529411764706,0.20527931246163292,5000,0.6242884250474383,0.7039848197343453,0.855787476280835,0.9089184060721063
results/llada8b-n10-d2,summary_mc16.jsonl,16,unnormalized_unfiltered,empirical_KL_div_all,543,543,0.44935543278084716,0.7808471454880295,0.20527931246163292,5000,0.40699815837937386,0.48987108655616945,0.7458563535911602,0.8139963167587477
results/llada8b-n10-d2,summary_mc16.jsonl,16,unnormalized_cleaned,empirical_KL_div_clean,543,527,0.444022770398482,0.7685009487666035,0.20527931246163292,5000,0.40037950664136623,0.4857685009487666,0.7324478178368121,0.8045540796963947
results/llada8b-n10-d2,summary_mc16.jsonl,16,normalized_unfiltered,empirical_KL_div_normalized_all,543,543,0.4732965009208103,0.8029465930018416,0.20527931246163292,5000,0.43278084714548803,0.5138121546961326,0.7697974217311234,0.8360957642725598
results/llada8b-n10-d2,summary_mc16.jsonl,16,normalized_cleaned,empirical_KL_div_normalized_clean,543,527,0.4307400379506641,0.7817836812144212,0.20527931246163292,5000,0.3870967741935484,0.4725332068311188,0.7476280834914611,0.8159392789373814
results/llada8b-n10-d2,summary_mc2.jsonl,2,unnormalized_unfiltered,empirical_KL_div_all,543,543,0.4014732965009208,0.7348066298342542,0.20527931246163292,5000,0.36095764272559855,0.4419889502762431,0.6961325966850829,0.7716390423572744
results/llada8b-n10-d2,summary_mc2.jsonl,2,unnormalized_cleaned,empirical_KL_div_clean,543,527,0.4060721062618596,0.7362428842504743,0.20527931246163292,5000,0.36432637571157495,0.4478178368121442,0.698292220113852,0.7722960151802657
results/llada8b-n10-d2,summary_mc2.jsonl,2,normalized_unfiltered,empirical_KL_div_normalized_all,543,543,0.4106813996316759,0.7513812154696132,0.20527931246163292,5000,0.3701657458563536,0.4530386740331492,0.714548802946593,0.7882136279926335
results/llada8b-n10-d2,summary_mc2.jsonl,2,normalized_cleaned,empirical_KL_div_normalized_clean,543,527,0.38519924098671726,0.7362428842504743,0.20527931246163292,5000,0.34345351043643263,0.428842504743833,0.698292220113852,0.7723434535104358
results/llada8b-n10-d2,summary_mc256.jsonl,256,unnormalized_unfiltered,empirical_KL_div_all,543,543,0.7440147329650092,0.8950276243093923,0.20527931246163292,5000,0.7071823204419889,0.7808471454880295,0.8692449355432781,0.9208103130755064
results/llada8b-n10-d2,summary_mc256.jsonl,256,unnormalized_cleaned,empirical_KL_div_clean,543,527,0.7381404174573055,0.8994307400379506,0.20527931246163292,5000,0.7020872865275142,0.7760910815939279,0.872865275142315,0.9240986717267552
results/llada8b-n10-d2,summary_mc256.jsonl,256,normalized_unfiltered,empirical_KL_div_normalized_all,543,543,0.7255985267034991,0.8987108655616943,0.20527931246163292,5000,0.6869244935543278,0.7624309392265194,0.8729281767955801,0.9226519337016574
results/llada8b-n10-d2,summary_mc256.jsonl,256,normalized_cleaned,empirical_KL_div_normalized_clean,543,527,0.7039848197343453,0.9184060721062619,0.20527931246163292,5000,0.6641366223908919,0.7438330170777988,0.8956356736242884,0.9411764705882353
results/llada8b-n10-d2,summary_mc32.jsonl,32,unnormalized_unfiltered,empirical_KL_div_all,543,543,0.4843462246777164,0.7826887661141805,0.20527931246163292,5000,0.44014732965009207,0.5248618784530387,0.7476979742173112,0.8158379373848987
results/llada8b-n10-d2,summary_mc32.jsonl,32,unnormalized_cleaned,empirical_KL_div_clean,543,527,0.4667931688804554,0.7666034155597723,0.20527931246163292,5000,0.42314990512333966,0.50853889943074,0.7305502846299811,0.8007590132827325
results/llada8b-n10-d2,summary_mc32.jsonl,32,normalized_unfiltered,empirical_KL_div_normalized_all,543,543,0.5009208103130756,0.8084714548802947,0.20527931246163292,5000,0.4585635359116022,0.5432780847145487,0.7753222836095764,0.8416206261510129
results/llada8b-n10-d2,summary_mc32.jsonl,32,normalized_cleaned,empirical_KL_div_normalized_clean,543,527,0.4459203036053131,0.7855787476280834,0.20527931246163292,5000,0.40417457305502846,0.48956356736242884,0.7495256166982922,0.8197343453510436
results/llada8b-n10-d2,summary_mc4.jsonl,4,unnormalized_unfiltered,empirical_KL_div_all,543,543,0.42173112338858193,0.7697974217311234,0.20527931246163292,5000,0.37937384898710863,0.4622467771639042,0.7329650092081031,0.8047882136279927
results/llada8b-n10-d2,summary_mc4.jsonl,4,unnormalized_cleaned,empirical_KL_div_clean,543,527,0.4060721062618596,0.7798861480075902,0.20527931246163292,5000,0.36432637571157495,0.4478178368121442,0.7438330170777988,0.8140417457305503
results/llada8b-n10-d2,summary_mc4.jsonl,4,normalized_unfiltered,empirical_KL_div_normalized_all,543,543,0.42357274401473294,0.7697974217311234,0.20527931246163292,5000,0.3830570902394107,0.46413443830570833,0.7329650092081031,0.8047882136279927
results/llada8b-n10-d2,summary_mc4.jsonl,4,normalized_cleaned,empirical_KL_div_normalized_clean,543,527,0.3776091081593928,0.7722960151802657,0.20527931246163292,5000,0.33586337760910817,0.41935483870967744,0.7362428842504743,0.8064516129032258
results/llada8b-n10-d2,summary_mc64.jsonl,64,unnormalized_unfiltered,empirical_KL_div_all,543,543,0.49355432780847147,0.8121546961325967,0.20527931246163292,5000,0.45119705340699817,0.5359116022099447,0.7790055248618785,0.8434622467771639
results/llada8b-n10-d2,summary_mc64.jsonl,64,unnormalized_cleaned,empirical_KL_div_clean,543,527,0.48956356736242884,0.7836812144212524,0.20527931246163292,5000,0.4478178368121442,0.5313092979127134,0.7476280834914611,0.8178368121442126
results/llada8b-n10-d2,summary_mc64.jsonl,64,normalized_unfiltered,empirical_KL_div_normalized_all,543,543,0.5561694290976059,0.8416206261510129,0.20527931246163292,5000,0.5138121546961326,0.5966850828729282,0.8103130755064457,0.8710865561694291
results/llada8b-n10-d2,summary_mc64.jsonl,64,normalized_cleaned,empirical_KL_div_normalized_clean,543,527,0.5104364326375711,0.8121442125237192,0.20527931246163292,5000,0.4667931688804554,0.5521821631878557,0.777988614800759,0.8444022770398482
results/llada8b-n10-d2,summary_mc8.jsonl,8,unnormalized_unfiltered,empirical_KL_div_all,543,543,0.429097605893186,0.7569060773480663,0.20527931246163292,5000,0.3885819521178637,0.4714548802946593,0.7200736648250461,0.7918968692449355
results/llada8b-n10-d2,summary_mc8.jsonl,8,unnormalized_cleaned,empirical_KL_div_clean,543,527,0.42314990512333966,0.7647058823529411,0.20527931246163292,5000,0.3795066413662239,0.4648956356736243,0.7286527514231499,0.8007590132827325
results/llada8b-n10-d2,summary_mc8.jsonl,8,normalized_unfiltered,empirical_KL_div_normalized_all,543,543,0.43646408839779005,0.7918968692449355,0.20527931246163292,5000,0.39410681399631675,0.47882136279926335,0.7569060773480663,0.8250460405156538
results/llada8b-n10-d2,summary_mc8.jsonl,8,normalized_cleaned,empirical_KL_div_normalized_clean,543,527,0.396584440227704,0.7609108159392789,0.20527931246163292,5000,0.3548387096774194,0.43833017077798864,0.7248576850094877,0.7969639468690702
results/llada8b-n10-d4,summary_mc128.jsonl,128,unnormalized_unfiltered,empirical_KL_div_all,543,543,0.6556169429097606,0.8729281767955801,0.411402701043585,5000,0.6151012891344383,0.6961325966850829,0.8434622467771639,0.9005524861878453
results/llada8b-n10-d4,summary_mc128.jsonl,128,unnormalized_cleaned,empirical_KL_div_clean,543,491,0.6252545824847251,0.8513238289205702,0.411402701043585,5000,0.5824847250509165,0.6680244399185336,0.8207739307535642,0.8818737270875764
results/llada8b-n10-d4,summary_mc128.jsonl,128,normalized_unfiltered,empirical_KL_div_normalized_all,543,543,0.6703499079189686,0.8913443830570903,0.411402701043585,5000,0.6316758747697975,0.7090239410681399,0.8637200736648251,0.9171270718232044
results/llada8b-n10-d4,summary_mc128.jsonl,128,normalized_cleaned,empirical_KL_div_normalized_clean,543,491,0.6272912423625254,0.8879837067209776,0.411402701043585,5000,0.5845213849287169,0.670061099796334,0.8594704684317719,0.9144602851323829
results/llada8b-n10-d4,summary_mc16.jsonl,16,unnormalized_unfiltered,empirical_KL_div_all,543,543,0.39779005524861877,0.7016574585635359,0.411402701043585,5000,0.35911602209944754,0.44014732965009207,0.6629834254143646,0.7403314917127072
results/llada8b-n10-d4,summary_mc16.jsonl,16,unnormalized_cleaned,empirical_KL_div_clean,543,491,0.39307535641547864,0.7433808553971487,0.411402701043585,5000,0.34826883910386963,0.4378818737270876,0.7046843177189409,0.780040733197556
results/llada8b-n10-d4,summary_mc16.jsonl,16,normalized_unfiltered,empirical_KL_div_normalized_all,543,543,0.430939226519337,0.7421731123388582,0.411402701043585,5000,0.39042357274401474,0.4732965009208103,0.7053406998158379,0.7790055248618785
results/llada8b-n10-d4,summary_mc16.jsonl,16,normalized_cleaned,empirical_KL_div_normalized_clean,543,491,0.40529531568228105,0.7515274949083504,0.411402701043585,5000,0.3604887983706721,0.45010183299389,0.7128309572301426,0.7881873727087576
results/llada8b-n10-d4,summary_mc2.jsonl,2,unnormalized_unfiltered,empirical_KL_div_all,543,543,0.3885819521178637,0.7071823204419889,0.411402701043585,5000,0.3462246777163904,0.429097605893186,0.6685082872928176,0.7440147329650092
results/llada8b-n10-d4,summary_mc2.jsonl,2,unnormalized_cleaned,empirical_KL_div_clean,543,491,0.4093686354378819,0.7026476578411406,0.411402701043585,5000,0.3645621181262729,0.45417515274949083,0.6619144602851323,0.7433808553971487
results/llada8b-n10-d4,summary_mc2.jsonl,2,normalized_unfiltered,empirical_KL_div_normalized_all,543,543,0.3996316758747698,0.7182320441988951,0.411402701043585,5000,0.3572744014732965,0.44014732965009207,0.6795580110497238,0.7569060773480663
results/llada8b-n10-d4,summary_mc2.jsonl,2,normalized_cleaned,empirical_KL_div_normalized_clean,543,491,0.40325865580448067,0.7393075356415478,0.411402701043585,5000,0.3604887983706721,0.4460285132382892,0.7006109979633401,0.7780040733197556
results/llada8b-n10-d4,summary_mc256.jsonl,256,unnormalized_unfiltered,empirical_KL_div_all,543,543,0.6832412523020258,0.8839779005524862,0.411402701043585,5000,0.6427255985267035,0.7219152854511971,0.856353591160221,0.9097605893186004
results/llada8b-n10-d4,summary_mc256.jsonl,256,unnormalized_cleaned,empirical_KL_div_clean,543,491,0.6802443991853361,0.8778004073319755,0.411402701043585,5000,0.639511201629328,0.7209775967413442,0.8492871690427699,0.9063136456211812
results/llada8b-n10-d4,summary_mc256.jsonl,256,normalized_unfiltered,empirical_KL_div_normalized_all,543,543,0.6721915285451197,0.8987108655616943,0.411402701043585,5000,0.6335174953959485,0.7108655616942909,0.8729281767955801,0.9226519337016574
results/llada8b-n10-d4,summary_mc256.jsonl,256,normalized_cleaned,empirical_KL_div_normalized_clean,543,491,0.659877800407332,0.869653767820774,0.411402701043585,5000,0.6191446028513238,0.7006109979633401,0.8391038696537678,0.8981670061099797
results/llada8b-n10-d4,summary_mc32.jsonl,32,unnormalized_unfiltered,empirical_KL_div_all,543,543,0.4143646408839779,0.7661141804788214,0.411402701043585,5000,0.3738489871086556,0.4567219152854512,0.7292817679558011,0.8011049723756906
results/llada8b-n10-d4,summary_mc32.jsonl,32,unnormalized_cleaned,empirical_KL_div_clean,543,491,0.42362525458248473,0.7739307535641547,0.411402701043585,5000,0.38085539714867617,0.4663951120162933,0.7352342158859471,0.8105906313645621
results/llada8b-n10-d4,summary_mc32.jsonl,32,normalized_unfiltered,empirical_KL_div_normalized_all,543,543,0.43646408839779005,0.7440147329650092,0.411402701043585,5000,0.39594843462246776,0.47882136279926335,0.7090239410681399,0.7790055248618785
results/llada8b-n10-d4,summary_mc32.jsonl,32,normalized_cleaned,empirical_KL_div_normalized_clean,543,491,0.38289205702647655,0.7535641547861507,0.411402701043585,5000,0.34012219959266804,0.4256619144602851,0.714867617107943,0.790224032586558
results/llada8b-n10-d4,summary_mc4.jsonl,4,unnormalized_unfiltered,empirical_KL_div_all,543,543,0.3738489871086556,0.7053406998158379,0.411402701043585,5000,0.3333333333333333,0.4143646408839779,0.6666666666666666,0.7440147329650092
results/llada8b-n10-d4,summary_mc4.jsonl,4,unnormalized_cleaned,empirical_KL_div_clean,543,491,0.40122199592668023,0.7189409368635438,0.411402701043585,5000,0.3564154786150713,0.4439918533604888,0.6801934826883911,0.7576374745417516
results/llada8b-n10-d4,summary_mc4.jsonl,4,normalized_unfiltered,empirical_KL_div_normalized_all,543,543,0.4180478821362799,0.716390423572744,0.411402701043585,5000,0.3756906077348066,0.4585635359116022,0.6777163904235728,0.7550644567219152
results/llada8b-n10-d4,summary_mc4.jsonl,4,normalized_cleaned,empirical_KL_div_normalized_clean,543,491,0.40325865580448067,0.7393075356415478,0.411402701043585,5000,0.3604887983706721,0.4460285132382892,0.7006109979633401,0.7780040733197556
results/llada8b-n10-d4,summary_mc64.jsonl,64,unnormalized_unfiltered,empirical_KL_div_all,543,543,0.4990791896869245,0.8121546961325967,0.411402701043585,5000,0.4567219152854512,0.5414364640883977,0.7790055248618785,0.8453038674033149
results/llada8b-n10-d4,summary_mc64.jsonl,64,unnormalized_cleaned,empirical_KL_div_clean,543,491,0.47657841140529533,0.7841140529531568,0.411402701043585,5000,0.43380855397148677,0.5213849287169042,0.7474541751527495,0.8207739307535642
results/llada8b-n10-d4,summary_mc64.jsonl,64,normalized_unfiltered,empirical_KL_div_normalized_all,543,543,0.5082872928176796,0.8250460405156538,0.411402701043585,5000,0.46593001841620624,0.5506445672191529,0.7918968692449355,0.856353591160221
results/llada8b-n10-d4,summary_mc64.jsonl,64,normalized_cleaned,empirical_KL_div_normalized_clean,543,491,0.4623217922606925,0.7983706720977597,0.411402701043585,5000,0.4195519348268839,0.505091649694501,0.7637474541751528,0.8329938900203666
results/llada8b-n10-d4,summary_mc8.jsonl,8,unnormalized_unfiltered,empirical_KL_div_all,543,543,0.3885819521178637,0.6998158379373849,0.411402701043585,5000,0.34806629834254144,0.429097605893186,0.6611418047882136,0.7384898710865562
results/llada8b-n10-d4,summary_mc8.jsonl,8,unnormalized_cleaned,empirical_KL_div_clean,543,491,0.3971486761710794,0.7230142566191446,0.411402701043585,5000,0.35234215885947046,0.4419551934826884,0.6822810590631364,0.7637474541751528
results/llada8b-n10-d4,summary_mc8.jsonl,8,normalized_unfiltered,empirical_KL_div_normalized_all,543,543,0.4180478821362799,0.7311233885819521,0.411402701043585,5000,0.3775322283609576,0.4585635359116022,0.6942909760589319,0.7679558011049724
results/llada8b-n10-d4,summary_mc8.jsonl,8,normalized_cleaned,empirical_KL_div_normalized_clean,543,491,0.4256619144602851,0.7331975560081466,0.411402701043585,5000,0.38085539714867617,0.47046843177189407,0.6924643584521385,0.769857433808554
results/llada8b-n10-d8,summary_mc128.jsonl,128,unnormalized_unfiltered,empirical_KL_div_all,543,543,0.6721915285451197,0.8802946593001841,0.1653161448741559,5000,0.6316758747697975,0.7108655616942909,0.852670349907919,0.9079189686924494
results/llada8b-n10-d8,summary_mc128.jsonl,128,unnormalized_cleaned,empirical_KL_div_clean,543,539,0.6530612244897959,0.8849721706864564,0.1653161448741559,5000,0.6122448979591837,0.6920686456400735,0.8571428571428571,0.9109461966604824
results/llada8b-n10-d8,summary_mc128.jsonl,128,normalized_unfiltered,empirical_KL_div_normalized_all,543,543,0.6832412523020258,0.8766114180478821,0.1653161448741559,5000,0.6445672191528545,0.7219152854511971,0.848987108655617,0.9042357274401474
results/llada8b-n10-d8,summary_mc128.jsonl,128,normalized_cleaned,empirical_KL_div_normalized_clean,543,539,0.6660482374768089,0.8682745825602969,0.1653161448741559,5000,0.6252319109461967,0.7031539888682746,0.8404452690166976,0.8961038961038961
results/llada8b-n10-d8,summary_mc16.jsonl,16,unnormalized_unfiltered,empirical_KL_div_all,543,543,0.43278084714548803,0.7624309392265194,0.1653161448741559,5000,0.39226519337016574,0.47513812154696133,0.7255985267034991,0.7955801104972375
results/llada8b-n10-d8,summary_mc16.jsonl,16,unnormalized_cleaned,empirical_KL_div_clean,543,539,0.44155844155844154,0.7588126159554731,0.1653161448741559,5000,0.4007421150278293,0.4842300556586271,0.7235621521335807,0.7959183673469388
results/llada8b-n10-d8,summary_mc16.jsonl,16,normalized_unfiltered,empirical_KL_div_normalized_all,543,543,0.4585635359116022,0.7624309392265194,0.1653161448741559,5000,0.4180478821362799,0.5009208103130756,0.7255985267034991,0.7955801104972375
results/llada8b-n10-d8,summary_mc16.jsonl,16,normalized_cleaned,empirical_KL_div_normalized_clean,543,539,0.43413729128014844,0.7588126159554731,0.1653161448741559,5000,0.3914656771799629,0.47680890538033394,0.7235621521335807,0.7940630797773655
results/llada8b-n10-d8,summary_mc2.jsonl,2,unnormalized_unfiltered,empirical_KL_div_all,543,543,0.3720073664825046,0.7108655616942909,0.1653161448741559,5000,0.33144567219152854,0.4125230202578269,0.6721915285451197,0.7477440147329644
results/llada8b-n10-d8,summary_mc2.jsonl,2,unnormalized_cleaned,empirical_KL_div_clean,543,539,0.3803339517625232,0.7105751391465677,0.1653161448741559,5000,0.3395176252319109,0.4211966604823741,0.6716141001855288,0.7495361781076066
results/llada8b-n10-d8,summary_mc2.jsonl,2,normalized_unfiltered,empirical_KL_div_normalized_all,543,543,0.429097605893186,0.7200736648250461,0.1653161448741559,5000,0.3867403314917127,0.4714548802946593,0.6832412523020258,0.7569060773480663
results/llada8b-n10-d8,summary_mc2.jsonl,2,normalized_cleaned,empirical_KL_div_normalized_clean,543,539,0.39888682745825604,0.7217068645640075,0.1653161448741559,5000,0.3562152133580705,0.44155844155844154,0.6827458256029685,0.7588126159554731
results/llada8b-n10-d8,summary_mc256.jsonl,256,unnormalized_unfiltered,empirical_KL_div_all,543,543,0.714548802946593,0.9208103130755064,0.1653161448741559,5000,0.6758747697974218,0.7532228360957642,0.8968692449355433,0.9429097605893186
results/llada8b-n10-d8,summary_mc256.jsonl,256,unnormalized_cleaned,empirical_KL_div_clean,543,539,0.725417439703154,0.9183673469387755,0.1653161448741559,5000,0.686456400742115,0.7625231910946196,0.8942486085343229,0.9406307977736549
results/llada8b-n10-d8,summary_mc256.jsonl,256,normalized_unfiltered,empirical_KL_div_normalized_all,543,543,0.7090239410681399,0.9097605893186004,0.1653161448741559,5000,0.6703499079189686,0.7458563535911602,0.8858195211786372,0.9337016574585635
results/llada8b-n10-d8,summary_mc256.jsonl,256,normalized_cleaned,empirical_KL_div_normalized_clean,543,539,0.6975881261595547,0.9053803339517625,0.1653161448741559,5000,0.6586270871985158,0.7346938775510204,0.8794063079777366,0.9294990723562152
results/llada8b-n10-d8,summary_mc32.jsonl,32,unnormalized_unfiltered,empirical_KL_div_all,543,543,0.44935543278084716,0.7771639042357275,0.1653161448741559,5000,0.40699815837937386,0.49171270718232046,0.7421731123388582,0.8121546961325967
results/llada8b-n10-d8,summary_mc32.jsonl,32,unnormalized_cleaned,empirical_KL_div_clean,543,539,0.4582560296846011,0.7606679035250464,0.1653161448741559,5000,0.4155844155844156,0.5009276437847866,0.725417439703154,0.7977736549165121
results/llada8b-n10-d8,summary_mc32.jsonl,32,normalized_unfiltered,empirical_KL_div_normalized_all,543,543,0.4732965009208103,0.8121546961325967,0.1653161448741559,5000,0.43278084714548803,0.5156537753222836,0.7808471454880295,0.8434622467771639
results/llada8b-n10-d8,summary_mc32.jsonl,32,normalized_cleaned,empirical_KL_div_normalized_clean,543,539,0.45640074211502785,0.8014842300556586,0.1653161448741559,5000,0.4155844155844156,0.4972170686456401,0.7680890538033395,0.8348794063079777
results/llada8b-n10-d8,summary_mc4.jsonl,4,unnormalized_unfiltered,empirical_KL_div_all,543,543,0.4143646408839779,0.7384898710865562,0.1653161448741559,5000,0.37380294659300184,0.4567219152854512,0.7016574585635359,0.7753222836095764
results/llada8b-n10-d8,summary_mc4.jsonl,4,unnormalized_cleaned,empirical_KL_div_clean,543,539,0.3821892393320965,0.7272727272727273,0.1653161448741559,5000,0.34137291280148424,0.42305194805194735,0.6901669758812616,0.764378478664193
results/llada8b-n10-d8,summary_mc4.jsonl,4,normalized_unfiltered,empirical_KL_div_normalized_all,543,543,0.4125230202578269,0.7440147329650092,0.1653161448741559,5000,0.3701657458563536,0.4548802946593002,0.7089779005524862,0.7808471454880295
results/llada8b-n10-d8,summary_mc4.jsonl,4,normalized_cleaned,empirical_KL_div_normalized_clean,543,539,0.39517625231910947,0.7291280148423006,0.1653161448741559,5000,0.35435992578849723,0.437847866419295,0.6920222634508348,0.7662337662337663
results/llada8b-n10-d8,summary_mc64.jsonl,64,unnormalized_unfiltered,empirical_KL_div_all,543,543,0.5064456721915286,0.7955801104972375,0.1653161448741559,5000,0.46408839779005523,0.5469613259668509,0.7624309392265194,0.8287292817679558
results/llada8b-n10-d8,summary_mc64.jsonl,64,unnormalized_cleaned,empirical_KL_div_clean,543,539,0.5046382189239332,0.7866419294990723,0.1653161448741559,5000,0.4619666048237477,0.5454545454545454,0.75139146567718,0.8200371057513914
results/llada8b-n10-d8,summary_mc64.jsonl,64,normalized_unfiltered,empirical_KL_div_normalized_all,543,543,0.5543278084714549,0.8379373848987108,0.1653161448741559,5000,0.5138121546961326,0.5966850828729282,0.8066298342541437,0.8692449355432781
results/llada8b-n10-d8,summary_mc64.jsonl,64,normalized_cleaned,empirical_KL_div_normalized_clean,543,539,0.5306122448979592,0.8311688311688312,0.1653161448741559,5000,0.48794063079777367,0.5714285714285714,0.7996289424860853,0.862708719851577
results/llada8b-n10-d8,summary_mc8.jsonl,8,unnormalized_unfiltered,empirical_KL_div_all,543,543,0.430939226519337,0.7495395948434622,0.1653161448741559,5000,0.39042357274401474,0.4732965009208103,0.714548802946593,0.7845303867403315
results/llada8b-n10-d8,summary_mc8.jsonl,8,unnormalized_cleaned,empirical_KL_div_clean,543,539,0.4025974025974026,0.7476808905380334,0.1653161448741559,5000,0.35992578849721707,0.44341372912801486,0.712430426716141,0.7847866419294991
results/llada8b-n10-d8,summary_mc8.jsonl,8,normalized_unfiltered,empirical_KL_div_normalized_all,543,543,0.43646408839779005,0.7421731123388582,0.1653161448741559,5000,0.39594843462246776,0.47697974217311234,0.7053406998158379,0.7790055248618785
results/llada8b-n10-d8,summary_mc8.jsonl,8,normalized_cleaned,empirical_KL_div_normalized_clean,543,539,0.4044526901669759,0.7439703153988868,0.1653161448741559,5000,0.36363636363636365,0.4452690166975881,0.7068645640074211,0.7810760667903525
results/llada8b-n10-d16,summary_mc128.jsonl,128,unnormalized_unfiltered,empirical_KL_div_all,543,543,0.6482504604051565,0.858195211786372,0.08425414364640885,5000,0.6077348066298343,0.6869244935543278,0.8287292817679558,0.8858195211786372
results/llada8b-n10-d16,summary_mc128.jsonl,128,unnormalized_cleaned,empirical_KL_div_clean,543,543,0.6445672191528545,0.8655616942909761,0.08425414364640885,5000,0.6040515653775322,0.6850828729281768,0.8378913443830571,0.8931860036832413
results/llada8b-n10-d16,summary_mc128.jsonl,128,normalized_unfiltered,empirical_KL_div_normalized_all,543,543,0.6427255985267035,0.848987108655617,0.08425414364640885,5000,0.6022099447513812,0.6832412523020258,0.8176795580110497,0.8784530386740331
results/llada8b-n10-d16,summary_mc128.jsonl,128,normalized_cleaned,empirical_KL_div_normalized_clean,543,543,0.6335174953959485,0.85451197053407,0.08425414364640885,5000,0.5930018416206262,0.6721915285451197,0.8250460405156538,0.8839779005524862
results/llada8b-n10-d16,summary_mc16.jsonl,16,unnormalized_unfiltered,empirical_KL_div_all,543,543,0.4106813996316759,0.7384898710865562,0.08425414364640885,5000,0.3683241252302026,0.45119705340699817,0.6998158379373849,0.7753222836095764
results/llada8b-n10-d16,summary_mc16.jsonl,16,unnormalized_cleaned,empirical_KL_div_clean,543,543,0.3867403314917127,0.7495395948434622,0.08425414364640885,5000,0.3462246777163904,0.427255985267035,0.712707182320442,0.7845303867403315
results/llada8b-n10-d16,summary_mc16.jsonl,16,normalized_unfiltered,empirical_KL_div_normalized_all,543,543,0.4696132596685083,0.7734806629834254,0.08425414364640885,5000,0.427255985267035,0.5119705340699816,0.7384898710865562,0.8066298342541437
results/llada8b-n10-d16,summary_mc16.jsonl,16,normalized_cleaned,empirical_KL_div_normalized_clean,543,543,0.45119705340699817,0.7716390423572744,0.08425414364640885,5000,0.4088397790055249,0.49355432780847147,0.7348066298342542,0.8066298342541437
results/llada8b-n10-d16,summary_mc2.jsonl,2,unnormalized_unfiltered,empirical_KL_div_all,543,543,0.3664825046040516,0.7348066298342542,0.08425414364640885,5000,0.3278084714548803,0.40699815837937386,0.6979742173112339,0.7716390423572744
results/llada8b-n10-d16,summary_mc2.jsonl,2,unnormalized_cleaned,empirical_KL_div_clean,543,543,0.3683241252302026,0.7274401473296501,0.08425414364640885,5000,0.3278084714548803,0.4088397790055249,0.6887661141804788,0.7642725598526704
results/llada8b-n10-d16,summary_mc2.jsonl,2,normalized_unfiltered,empirical_KL_div_normalized_all,543,543,0.3848987108655617,0.7311233885819521,0.08425414364640885,5000,0.3443830570902394,0.42361878453038604,0.6924493554327809,0.7679558011049724
results/llada8b-n10-d16,summary_mc2.jsonl,2,normalized_cleaned,empirical_KL_div_normalized_clean,543,543,0.39594843462246776,0.7384898710865562,0.08425414364640885,5000,0.35543278084714547,0.43646408839779005,0.6998158379373849,0.7753222836095764
results/llada8b-n10-d16,summary_mc256.jsonl,256,unnormalized_unfiltered,empirical_KL_div_all,543,543,0.6979742173112339,0.8950276243093923,0.08425414364640885,5000,0.6574585635359116,0.7366482504604052,0.8674033149171271,0.9208103130755064
results/llada8b-n10-d16,summary_mc256.jsonl,256,unnormalized_cleaned,empirical_KL_div_clean,543,543,0.6961325966850829,0.8913443830570903,0.08425414364640885,5000,0.6574585635359116,0.7348066298342542,0.8637200736648251,0.9171270718232044
results/llada8b-n10-d16,summary_mc256.jsonl,256,normalized_unfiltered,empirical_KL_div_normalized_all,543,543,0.6777163904235728,0.8821362799263351,0.08425414364640885,5000,0.6390423572744015,0.716390423572744,0.85451197053407,0.9079650092081025
results/llada8b-n10-d16,summary_mc256.jsonl,256,normalized_cleaned,empirical_KL_div_normalized_clean,543,543,0.6758747697974218,0.8784530386740331,0.08425414364640885,5000,0.6353591160220995,0.712707182320442,0.850828729281768,0.9042357274401474
results/llada8b-n10-d16,summary_mc32.jsonl,32,unnormalized_unfiltered,empirical_KL_div_all,543,543,0.43278084714548803,0.7458563535911602,0.08425414364640885,5000,0.39226519337016574,0.47513812154696133,0.7089779005524862,0.7826887661141805
results/llada8b-n10-d16,summary_mc32.jsonl,32,unnormalized_cleaned,empirical_KL_div_clean,543,543,0.429097605893186,0.7532228360957642,0.08425414364640885,5000,0.3885819521178637,0.4714548802946593,0.7182320441988951,0.7882136279926335
results/llada8b-n10-d16,summary_mc32.jsonl,32,normalized_unfiltered,empirical_KL_div_normalized_all,543,543,0.47697974217311234,0.7661141804788214,0.08425414364640885,5000,0.43646408839779005,0.5174953959484346,0.7311233885819521,0.8011049723756906
results/llada8b-n10-d16,summary_mc32.jsonl,32,normalized_cleaned,empirical_KL_div_normalized_clean,543,543,0.47882136279926335,0.7587476979742173,0.08425414364640885,5000,0.43830570902394106,0.5193370165745856,0.7237569060773481,0.7937384898710865
results/llada8b-n10-d16,summary_mc4.jsonl,4,unnormalized_unfiltered,empirical_KL_div_all,543,543,0.3775322283609576,0.7292817679558011,0.08425414364640885,5000,0.33881215469613263,0.4180478821362799,0.6924493554327809,0.7661141804788214
results/llada8b-n10-d16,summary_mc4.jsonl,4,unnormalized_cleaned,empirical_KL_div_clean,543,543,0.37937384898710863,0.7292817679558011,0.08425414364640885,5000,0.3388581952117864,0.4198895027624309,0.6924493554327809,0.7661141804788214
results/llada8b-n10-d16,summary_mc4.jsonl,4,normalized_unfiltered,empirical_KL_div_normalized_all,543,543,0.425414364640884,0.7476979742173112,0.08425414364640885,5000,0.3830570902394107,0.46593001841620624,0.7108655616942909,0.7845303867403315
results/llada8b-n10-d16,summary_mc4.jsonl,4,normalized_cleaned,empirical_KL_div_normalized_clean,543,543,0.4143646408839779,0.7384898710865562,0.08425414364640885,5000,0.3720073664825046,0.4548802946593002,0.7016574585635359,0.7753222836095764
results/llada8b-n10-d16,summary_mc64.jsonl,64,unnormalized_unfiltered,empirical_KL_div_all,543,543,0.43462246777163904,0.7366482504604052,0.08425414364640885,5000,0.394060773480663,0.47697974217311234,0.6979742173112339,0.7734806629834254
results/llada8b-n10-d16,summary_mc64.jsonl,64,unnormalized_cleaned,empirical_KL_div_clean,543,543,0.430939226519337,0.7569060773480663,0.08425414364640885,5000,0.39042357274401474,0.4732965009208103,0.7200736648250461,0.7937384898710865
results/llada8b-n10-d16,summary_mc64.jsonl,64,normalized_unfiltered,empirical_KL_div_normalized_all,543,543,0.4990791896869245,0.7753222836095764,0.08425414364640885,5000,0.4585635359116022,0.5414364640883977,0.7403314917127072,0.8103130755064457
results/llada8b-n10-d16,summary_mc64.jsonl,64,normalized_cleaned,empirical_KL_div_normalized_clean,543,543,0.48066298342541436,0.7753222836095764,0.08425414364640885,5000,0.43830570902394106,0.5230202578268877,0.7403314917127072,0.8103130755064457
results/llada8b-n10-d16,summary_mc8.jsonl,8,unnormalized_unfiltered,empirical_KL_div_all,543,543,0.4014732965009208,0.7292817679558011,0.08425414364640885,5000,0.36095764272559855,0.4419889502762431,0.6906077348066298,0.7661141804788214
results/llada8b-n10-d16,summary_mc8.jsonl,8,unnormalized_cleaned,empirical_KL_div_clean,543,543,0.3867403314917127,0.7569060773480663,0.08425414364640885,5000,0.3462246777163904,0.425414364640884,0.7200736648250461,0.7918968692449355
results/llada8b-n10-d16,summary_mc8.jsonl,8,normalized_unfiltered,empirical_KL_div_normalized_all,543,543,0.42173112338858193,0.7569060773480663,0.08425414364640885,5000,0.37937384898710863,0.4622467771639042,0.7182320441988951,0.7919429097605887
results/llada8b-n10-d16,summary_mc8.jsonl,8,normalized_cleaned,empirical_KL_div_normalized_clean,543,543,0.4180478821362799,0.7495395948434622,0.08425414364640885,5000,0.3775322283609576,0.4585635359116022,0.712707182320442,0.7863720073664825
results/llada8b-n10-d32,summary_mc128.jsonl,128,unnormalized_unfiltered,empirical_KL_div_all,543,543,0.6151012891344383,0.8360957642725598,0.06329036218538982,5000,0.572744014732965,0.6556169429097606,0.8047882136279927,0.8674033149171271
results/llada8b-n10-d32,summary_mc128.jsonl,128,unnormalized_cleaned,empirical_KL_div_clean,543,541,0.6284658040665434,0.8262476894639557,0.06329036218538982,5000,0.5878003696857671,0.6691312384473198,0.7929759704251387,0.8576709796672828
results/llada8b-n10-d32,summary_mc128.jsonl,128,normalized_unfiltered,empirical_KL_div_normalized_all,543,543,0.6353591160220995,0.8360957642725598,0.06329036218538982,5000,0.5948434622467772,0.6740331491712708,0.8047882136279927,0.8655616942909761
results/llada8b-n10-d32,summary_mc128.jsonl,128,normalized_cleaned,empirical_KL_div_normalized_clean,543,541,0.6487985212569316,0.8317929759704251,0.06329036218538982,5000,0.6081330868761553,0.6894639556377079,0.800369685767098,0.8632162661737524
results/llada8b-n10-d32,summary_mc16.jsonl,16,unnormalized_unfiltered,empirical_KL_div_all,543,543,0.4419889502762431,0.7550644567219152,0.06329036218538982,5000,0.3996316758747698,0.48250460405156537,0.7182320441988951,0.7900552486187845
results/llada8b-n10-d32,summary_mc16.jsonl,16,unnormalized_cleaned,empirical_KL_div_clean,543,541,0.4399260628465804,0.7689463955637708,0.06329036218538982,5000,0.3974121996303142,0.4805914972273567,0.7319778188539742,0.8040665434380776
results/llada8b-n10-d32,summary_mc16.jsonl,16,normalized_unfiltered,empirical_KL_div_normalized_all,543,543,0.46593001841620624,0.7771639042357275,0.06329036218538982,5000,0.42357274401473294,0.5082872928176796,0.7421731123388582,0.8121546961325967
results/llada8b-n10-d32,summary_mc16.jsonl,16,normalized_cleaned,empirical_KL_div_normalized_clean,543,541,0.4676524953789279,0.7726432532347505,0.06329036218538982,5000,0.42513863216266173,0.5083179297597042,0.7375231053604436,0.8059149722735675
results/llada8b-n10-d32,summary_mc2.jsonl,2,unnormalized_unfiltered,empirical_KL_div_all,543,543,0.425414364640884,0.7421731123388582,0.06329036218538982,5000,0.3848987108655617,0.4677716390423573,0.7053406998158379,0.7771639042357275
results/llada8b-n10-d32,summary_mc2.jsonl,2,unnormalized_cleaned,empirical_KL_div_clean,543,541,0.4177449168207024,0.744916820702403,0.06329036218538982,5000,0.37703327171903883,0.4584103512014787,0.7060998151571165,0.7818853974121996
results/llada8b-n10-d32,summary_mc2.jsonl,2,normalized_unfiltered,empirical_KL_div_normalized_all,543,543,0.42173112338858193,0.7495395948434622,0.06329036218538982,5000,0.37937384898710863,0.46408839779005523,0.712707182320442,0.7845303867403315
results/llada8b-n10-d32,summary_mc2.jsonl,2,normalized_cleaned,empirical_KL_div_normalized_clean,543,541,0.43253234750462105,0.767097966728281,0.06329036218538982,5000,0.3918207024029575,0.4731977818853974,0.7319778188539742,0.8040665434380776
results/llada8b-n10-d32,summary_mc256.jsonl,256,unnormalized_unfiltered,empirical_KL_div_all,543,543,0.6206261510128913,0.8342541436464088,0.06329036218538982,5000,0.578268876611418,0.6611418047882136,0.8029465930018416,0.8655616942909761
results/llada8b-n10-d32,summary_mc256.jsonl,256,unnormalized_cleaned,empirical_KL_div_clean,543,541,0.6358595194085028,0.8373382624768947,0.06329036218538982,5000,0.5951940850277264,0.6765249537892791,0.8059149722735675,0.8687615526802218
results/llada8b-n10-d32,summary_mc256.jsonl,256,normalized_unfiltered,empirical_KL_div_normalized_all,543,543,0.6390423572744015,0.8324125230202578,0.06329036218538982,5000,0.5985267034990792,0.6777163904235728,0.8010589318600368,0.8637200736648251
results/llada8b-n10-d32,summary_mc256.jsonl,256,normalized_cleaned,empirical_KL_div_normalized_clean,543,541,0.6561922365988909,0.8317929759704251,0.06329036218538982,5000,0.6155268022181146,0.6968576709796673,0.800369685767098,0.8632162661737524
results/llada8b-n10-d32,summary_mc32.jsonl,32,unnormalized_unfiltered,empirical_KL_div_all,543,543,0.4088397790055249,0.7403314917127072,0.06329036218538982,5000,0.3683241252302026,0.45119705340699817,0.7034990791896869,0.7753222836095764
results/llada8b-n10-d32,summary_mc32.jsonl,32,unnormalized_cleaned,empirical_KL_div_clean,543,541,0.41404805914972276,0.7523105360443623,0.06329036218538982,5000,0.3733826247689464,0.45471349353049906,0.7153419593345656,0.789279112754159
results/llada8b-n10-d32,summary_mc32.jsonl,32,normalized_unfiltered,empirical_KL_div_normalized_all,543,543,0.43646408839779005,0.7734806629834254,0.06329036218538982,5000,0.39594843462246776,0.47697974217311234,0.7384898710865562,0.8066298342541437
results/llada8b-n10-d32,summary_mc32.jsonl,32,normalized_cleaned,empirical_KL_div_normalized_clean,543,541,0.4436229205175601,0.7726432532347505,0.06329036218538982,5000,0.4011090573012939,0.48428835489833644,0.7375231053604436,0.8077634011090573
results/llada8b-n10-d32,summary_mc4.jsonl,4,unnormalized_unfiltered,empirical_KL_div_all,543,543,0.40331491712707185,0.7440147329650092,0.06329036218538982,5000,0.36279926335174956,0.44567219152854515,0.7071823204419889,0.7808471454880295
results/llada8b-n10-d32,summary_mc4.jsonl,4,unnormalized_cleaned,empirical_KL_div_clean,543,541,0.4195933456561922,0.7541589648798521,0.06329036218538982,5000,0.37707948243992606,0.46210720887245843,0.7171903881700554,0.789279112754159
results/llada8b-n10-d32,summary_mc4.jsonl,4,normalized_unfiltered,empirical_KL_div_normalized_all,543,543,0.44567219152854515,0.7569060773480663,0.06329036218538982,5000,0.40331491712707185,0.4880294659300184,0.7200736648250461,0.7918968692449355
results/llada8b-n10-d32,summary_mc4.jsonl,4,normalized_cleaned,empirical_KL_div_normalized_clean,543,541,0.4565619223659889,0.7597042513863216,0.06329036218538982,5000,0.41404805914972276,0.49722735674676527,0.722735674676525,0.7948243992606284
results/llada8b-n10-d32,summary_mc64.jsonl,64,unnormalized_unfiltered,empirical_KL_div_all,543,543,0.4088397790055249,0.7311233885819521,0.06329036218538982,5000,0.3683241252302026,0.44935543278084716,0.6924493554327809,0.7679558011049724
results/llada8b-n10-d32,summary_mc64.jsonl,64,unnormalized_cleaned,empirical_KL_div_clean,543,541,0.40850277264325324,0.7412199630314233,0.06329036218538982,5000,0.3678373382624769,0.4491682070240296,0.7042513863216266,0.7781885397412199
results/llada8b-n10-d32,summary_mc64.jsonl,64,normalized_unfiltered,empirical_KL_div_normalized_all,543,543,0.4548802946593002,0.7661141804788214,0.06329036218538982,5000,0.4143646408839779,0.4972375690607735,0.7292817679558011,0.8011049723756906
results/llada8b-n10-d32,summary_mc64.jsonl,64,normalized_cleaned,empirical_KL_div_normalized_clean,543,541,0.4584103512014787,0.7578558225508318,0.06329036218538982,5000,0.4177449168207024,0.5009242144177449,0.7208872458410351,0.7948243992606284
results/llada8b-n10-d32,summary_mc8.jsonl,8,unnormalized_unfiltered,empirical_KL_div_all,543,543,0.42357274401473294,0.7550644567219152,0.06329036218538982,5000,0.3812154696132597,0.46593001841620624,0.7182320441988951,0.7901012891344377
results/llada8b-n10-d32,summary_mc8.jsonl,8,unnormalized_cleaned,empirical_KL_div_clean,543,541,0.4343807763401109,0.7541589648798521,0.06329036218538982,5000,0.39186691312384475,0.47689463955637706,0.7171903881700554,0.789279112754159
results/llada8b-n10-d32,summary_mc8.jsonl,8,normalized_unfiltered,empirical_KL_div_normalized_all,543,543,0.4714548802946593,0.7771639042357275,0.06329036218538982,5000,0.429097605893186,0.5156537753222836,0.7421731123388582,0.8103130755064457
results/llada8b-n10-d32,summary_mc8.jsonl,8,normalized_cleaned,empirical_KL_div_normalized_clean,543,541,0.4805914972273567,0.7763401109057301,0.06329036218538982,5000,0.4399260628465804,0.5212569316081331,0.7412199630314233,0.8114602587800369
results/llada8b-n10-d64,summary_mc128.jsonl,128,unnormalized_unfiltered,empirical_KL_div_all,543,543,0.585635359116022,0.8342541436464088,0.06423675056271742,5000,0.5432780847145487,0.6261510128913443,0.8029465930018416,0.8655616942909761
results/llada8b-n10-d64,summary_mc128.jsonl,128,unnormalized_cleaned,empirical_KL_div_clean,543,540,0.5685185185185185,0.8203703703703704,0.06423675056271742,5000,0.5259259259259259,0.6092592592592593,0.7870370370370371,0.8518518518518519
results/llada8b-n10-d64,summary_mc128.jsonl,128,normalized_unfiltered,empirical_KL_div_normalized_all,543,543,0.6058931860036832,0.8047882136279927,0.06423675056271742,5000,0.56353591160221,0.6464088397790055,0.7697974217311234,0.8379373848987108
results/llada8b-n10-d64,summary_mc128.jsonl,128,normalized_cleaned,empirical_KL_div_normalized_clean,543,540,0.5944444444444444,0.8018518518518518,0.06423675056271742,5000,0.5518518518518518,0.6351851851851852,0.7666666666666667,0.8351851851851851
results/llada8b-n10-d64,summary_mc16.jsonl,16,unnormalized_unfiltered,empirical_KL_div_all,543,543,0.3812154696132597,0.7090239410681399,0.06423675056271742,5000,0.3425414364640884,0.42357274401473294,0.6703499079189686,0.7476979742173112
results/llada8b-n10-d64,summary_mc16.jsonl,16,unnormalized_cleaned,empirical_KL_div_clean,543,540,0.4,0.7148148148148148,0.06423675056271742,5000,0.3592592592592593,0.44074074074074077,0.6777777777777778,0.7537037037037037
results/llada8b-n10-d64,summary_mc16.jsonl,16,normalized_unfiltered,empirical_KL_div_normalized_all,543,543,0.43462246777163904,0.7311233885819521,0.06423675056271742,5000,0.39410681399631675,0.47697974217311234,0.6924493554327809,0.7679558011049724
results/llada8b-n10-d64,summary_mc16.jsonl,16,normalized_cleaned,empirical_KL_div_normalized_clean,543,540,0.43703703703703706,0.725925925925926,0.06423675056271742,5000,0.3962962962962963,0.47962962962962963,0.6888888888888889,0.762962962962963
results/llada8b-n10-d64,summary_mc2.jsonl,2,unnormalized_unfiltered,empirical_KL_div_all,543,543,0.4125230202578269,0.7071823204419889,0.06423675056271742,5000,0.3720073664825046,0.4530847145488023,0.6685082872928176,0.7458563535911602
results/llada8b-n10-d64,summary_mc2.jsonl,2,unnormalized_cleaned,empirical_KL_div_clean,543,540,0.4148148148148148,0.7055555555555556,0.06423675056271742,5000,0.37222222222222223,0.4537499999999993,0.6666666666666666,0.7425925925925926
results/llada8b-n10-d64,summary_mc2.jsonl,2,normalized_unfiltered,empirical_KL_div_normalized_all,543,543,0.4125230202578269,0.7237569060773481,0.06423675056271742,5000,0.3701657458563536,0.4530386740331492,0.6850828729281768,0.7605893186003683
results/llada8b-n10-d64,summary_mc2.jsonl,2,normalized_cleaned,empirical_KL_div_normalized_clean,543,540,0.4148148148148148,0.7203703703703703,0.06423675056271742,5000,0.37407407407407406,0.45555555555555555,0.6833333333333333,0.7574074074074074
results/llada8b-n10-d64,summary_mc256.jsonl,256,unnormalized_unfiltered,empirical_KL_div_all,543,543,0.583793738489871,0.8324125230202578,0.06423675056271742,5000,0.5414364640883977,0.6261510128913443,0.8011049723756906,0.8637200736648251
results/llada8b-n10-d64,summary_mc256.jsonl,256,unnormalized_cleaned,empirical_KL_div_clean,543,540,0.5796296296296296,0.8185185185185185,0.06423675056271742,5000,0.5388888888888889,0.6203703703703703,0.7851851851851852,0.85
results/llada8b-n10-d64,summary_mc256.jsonl,256,normalized_unfiltered,empirical_KL_div_normalized_all,543,543,0.6169429097605893,0.8029465930018416,0.06423675056271742,5000,0.574585635359116,0.6574585635359116,0.7679558011049724,0.8360957642725598
results/llada8b-n10-d64,summary_mc256.jsonl,256,normalized_cleaned,empirical_KL_div_normalized_clean,543,540,0.6166666666666667,0.8055555555555556,0.06423675056271742,5000,0.575925925925926,0.6574074074074074,0.7703703703703704,0.837037037037037
results/llada8b-n10-d64,summary_mc32.jsonl,32,unnormalized_unfiltered,empirical_KL_div_all,543,543,0.39042357274401474,0.7679558011049724,0.06423675056271742,5000,0.34990791896869244,0.430939226519337,0.7329650092081031,0.8029465930018416
results/llada8b-n10-d64,summary_mc32.jsonl,32,unnormalized_cleaned,empirical_KL_div_clean,543,540,0.40555555555555556,0.7592592592592593,0.06423675056271742,5000,0.3648148148148148,0.44814814814814813,0.7222222222222222,0.7944444444444444
results/llada8b-n10-d64,summary_mc32.jsonl,32,normalized_unfiltered,empirical_KL_div_normalized_all,543,543,0.43278084714548803,0.7587476979742173,0.06423675056271742,5000,0.39042357274401474,0.4732965009208103,0.7219152854511971,0.7937384898710865
results/llada8b-n10-d64,summary_mc32.jsonl,32,normalized_cleaned,empirical_KL_div_normalized_clean,543,540,0.4351851851851852,0.7425925925925926,0.06423675056271742,5000,0.39444444444444443,0.4777777777777778,0.7055555555555556,0.7777777777777778
results/llada8b-n10-d64,summary_mc4.jsonl,4,unnormalized_unfiltered,empirical_KL_div_all,543,543,0.3885819521178637,0.6924493554327809,0.06423675056271742,5000,0.34806629834254144,0.429097605893186,0.6537753222836096,0.7311233885819521
results/llada8b-n10-d64,summary_mc4.jsonl,4,unnormalized_cleaned,empirical_KL_div_clean,543,540,0.3925925925925926,0.6925925925925925,0.06423675056271742,5000,0.35185185185185186,0.43333333333333335,0.6555555555555556,0.7314814814814815
results/llada8b-n10-d64,summary_mc4.jsonl,4,normalized_unfiltered,empirical_KL_div_normalized_all,543,543,0.42357274401473294,0.7384898710865562,0.06423675056271742,5000,0.3830570902394107,0.46408839779005523,0.7016574585635359,0.7753222836095764
results/llada8b-n10-d64,summary_mc4.jsonl,4,normalized_cleaned,empirical_KL_div_normalized_clean,543,540,0.43333333333333335,0.7296296296296296,0.06423675056271742,5000,0.3925925925925926,0.4740740740740741,0.6925925925925925,0.7666666666666667
results/llada8b-n10-d64,summary_mc64.jsonl,64,unnormalized_unfiltered,empirical_KL_div_all,543,543,0.43830570902394106,0.7863720073664825,0.06423675056271742,5000,0.39594843462246776,0.48066298342541436,0.7513812154696132,0.8195211786372008
results/llada8b-n10-d64,summary_mc64.jsonl,64,unnormalized_cleaned,empirical_KL_div_clean,543,540,0.44074074074074077,0.7870370370370371,0.06423675056271742,5000,0.4,0.48333333333333334,0.7518518518518519,0.8203703703703704
results/llada8b-n10-d64,summary_mc64.jsonl,64,normalized_unfiltered,empirical_KL_div_normalized_all,543,543,0.47882136279926335,0.8103130755064457,0.06423675056271742,5000,0.43830570902394106,0.5211786372007366,0.7753222836095764,0.8434622467771639
results/llada8b-n10-d64,summary_mc64.jsonl,64,normalized_cleaned,empirical_KL_div_normalized_clean,543,540,0.48518518518518516,0.8037037037037037,0.06423675056271742,5000,0.4425925925925926,0.5277777777777778,0.7703703703703704,0.837037037037037
results/llada8b-n10-d64,summary_mc8.jsonl,8,unnormalized_unfiltered,empirical_KL_div_all,543,543,0.3756906077348066,0.7071823204419889,0.06423675056271742,5000,0.3370165745856354,0.4180478821362799,0.6703499079189686,0.7440607734806624
results/llada8b-n10-d64,summary_mc8.jsonl,8,unnormalized_cleaned,empirical_KL_div_clean,543,540,0.37592592592592594,0.7,0.06423675056271742,5000,0.3351851851851852,0.4166666666666667,0.6611111111111111,0.7388888888888889
results/llada8b-n10-d64,summary_mc8.jsonl,8,normalized_unfiltered,empirical_KL_div_normalized_all,543,543,0.4106813996316759,0.7255985267034991,0.06423675056271742,5000,0.3701657458563536,0.45119705340699817,0.6887661141804788,0.7624309392265194
results/llada8b-n10-d64,summary_mc8.jsonl,8,normalized_cleaned,empirical_KL_div_normalized_clean,543,540,0.4185185185185185,0.7055555555555556,0.06423675056271742,5000,0.37777777777777777,0.45925925925925926,0.6666666666666666,0.7425925925925926
results/llada8b-n10-d128,summary_mc128.jsonl,128,unnormalized_unfiltered,empirical_KL_div_all,543,543,0.567219152854512,0.7900552486187845,0.06383943796466816,5000,0.5248618784530387,0.6077348066298343,0.7550644567219152,0.8232044198895028
results/llada8b-n10-d128,summary_mc128.jsonl,128,unnormalized_cleaned,empirical_KL_div_clean,543,541,0.5693160813308688,0.7948243992606284,0.06383943796466816,5000,0.5268022181146026,0.6118299445471349,0.7597042513863216,0.8280961182994455
results/llada8b-n10-d128,summary_mc128.jsonl,128,normalized_unfiltered,empirical_KL_div_normalized_all,543,543,0.5893186003683242,0.7992633517495396,0.06383943796466816,5000,0.5469613259668509,0.6298342541436464,0.7642725598526704,0.8324125230202578
results/llada8b-n10-d128,summary_mc128.jsonl,128,normalized_cleaned,empirical_KL_div_normalized_clean,543,541,0.5859519408502772,0.7948243992606284,0.06383943796466816,5000,0.5434380776340111,0.6266173752310537,0.7597042513863216,0.8280961182994455
results/llada8b-n10-d128,summary_mc16.jsonl,16,unnormalized_unfiltered,empirical_KL_div_all,543,543,0.3885819521178637,0.7348066298342542,0.06383943796466816,5000,0.34990791896869244,0.429097605893186,0.6979742173112339,0.7716390423572744
results/llada8b-n10-d128,summary_mc16.jsonl,16,unnormalized_cleaned,empirical_KL_div_clean,543,541,0.3844731977818854,0.7282809611829945,0.06383943796466816,5000,0.3438077634011091,0.42513863216266173,0.6894639556377079,0.7652495378927912
results/llada8b-n10-d128,summary_mc16.jsonl,16,normalized_unfiltered,empirical_KL_div_normalized_all,543,543,0.3867403314917127,0.7550644567219152,0.06383943796466816,5000,0.34806629834254144,0.429097605893186,0.7182320441988951,0.7918968692449355
results/llada8b-n10-d128,summary_mc16.jsonl,16,normalized_cleaned,empirical_KL_div_normalized_clean,543,541,0.3955637707948244,0.7486136783733827,0.06383943796466816,5000,0.35489833641404805,0.43622920517560076,0.711645101663586,0.7855822550831792
results/llada8b-n10-d128,summary_mc2.jsonl,2,unnormalized_unfiltered,empirical_KL_div_all,543,543,0.3720073664825046,0.7034990791896869,0.06383943796466816,5000,0.3314917127071823,0.4125230202578269,0.6648250460405156,0.7421731123388582
results/llada8b-n10-d128,summary_mc2.jsonl,2,unnormalized_cleaned,empirical_KL_div_clean,543,541,0.36414048059149723,0.6987060998151571,0.06383943796466816,5000,0.3234750462107209,0.4029574861367837,0.6598890942698706,0.7356746765249538
results/llada8b-n10-d128,summary_mc2.jsonl,2,normalized_unfiltered,empirical_KL_div_normalized_all,543,543,0.3848987108655617,0.7182320441988951,0.06383943796466816,5000,0.3443830570902394,0.42357274401473294,0.6795580110497238,0.7550644567219152
results/llada8b-n10-d128,summary_mc2.jsonl,2,normalized_cleaned,empirical_KL_div_normalized_clean,543,541,0.3678373382624769,0.7042513863216266,0.06383943796466816,5000,0.32717190388170053,0.40850277264325324,0.6654343807763401,0.7430683918669131
results/llada8b-n10-d128,summary_mc256.jsonl,256,unnormalized_unfiltered,empirical_KL_div_all,543,543,0.5948434622467772,0.8047882136279927,0.06383943796466816,5000,0.5524861878453039,0.6335635359116016,0.7697974217311234,0.8379373848987108
results/llada8b-n10-d128,summary_mc256.jsonl,256,unnormalized_cleaned,empirical_KL_div_clean,543,541,0.5859519408502772,0.8040665434380776,0.06383943796466816,5000,0.5434380776340111,0.6284658040665434,0.7689463955637708,0.8373382624768947
results/llada8b-n10-d128,summary_mc256.jsonl,256,normalized_unfiltered,empirical_KL_div_normalized_all,543,543,0.5930018416206262,0.8103130755064457,0.06383943796466816,5000,0.5524401473296502,0.6353591160220995,0.7753222836095764,0.8434622467771639
results/llada8b-n10-d128,summary_mc256.jsonl,256,normalized_cleaned,empirical_KL_div_normalized_clean,543,541,0.5914972273567468,0.8022181146025879,0.06383943796466816,5000,0.5489833641404805,0.6322088724584097,0.767097966728281,0.8354898336414048
results/llada8b-n10-d128,summary_mc32.jsonl,32,unnormalized_unfiltered,empirical_KL_div_all,543,543,0.4088397790055249,0.7624309392265194,0.06383943796466816,5000,0.3701197053406998,0.45119705340699817,0.7274401473296501,0.7974217311233885
results/llada8b-n10-d128,summary_mc32.jsonl,32,unnormalized_cleaned,empirical_KL_div_clean,543,541,0.40850277264325324,0.7541589648798521,0.06383943796466816,5000,0.3659889094269871,0.4491682070240296,0.7171903881700554,0.789279112754159
results/llada8b-n10-d128,summary_mc32.jsonl,32,normalized_unfiltered,empirical_KL_div_normalized_all,543,543,0.44014732965009207,0.7550644567219152,0.06383943796466816,5000,0.3996316758747698,0.48250460405156537,0.7200736648250461,0.7900552486187845
results/llada8b-n10-d128,summary_mc32.jsonl,32,normalized_cleaned,empirical_KL_div_normalized_clean,543,541,0.4491682070240296,0.7578558225508318,0.06383943796466816,5000,0.4066543438077634,0.4898336414048059,0.7208872458410351,0.7929759704251387
results/llada8b-n10-d128,summary_mc4.jsonl,4,unnormalized_unfiltered,empirical_KL_div_all,543,543,0.39594843462246776,0.7108655616942909,0.06383943796466816,5000,0.35543278084714547,0.43646408839779005,0.6721915285451197,0.7476979742173112
results/llada8b-n10-d128,summary_mc4.jsonl,4,unnormalized_cleaned,empirical_KL_div_clean,543,541,0.38632162661737524,0.7079482439926063,0.06383943796466816,5000,0.34750462107208874,0.42513863216266173,0.66728280961183,0.744916820702403
results/llada8b-n10-d128,summary_mc4.jsonl,4,normalized_unfiltered,empirical_KL_div_normalized_all,543,543,0.40331491712707185,0.7237569060773481,0.06383943796466816,5000,0.36279926335174956,0.4438766114180472,0.6850828729281768,0.7605893186003683
results/llada8b-n10-d128,summary_mc4.jsonl,4,normalized_cleaned,empirical_KL_div_normalized_clean,543,541,0.4066543438077634,0.7134935304990758,0.06383943796466816,5000,0.3659889094269871,0.4454713493530499,0.6746765249537893,0.7504621072088724
results/llada8b-n10-d128,summary_mc64.jsonl,64,unnormalized_unfiltered,empirical_KL_div_all,543,543,0.425414364640884,0.7697974217311234,0.06383943796466816,5000,0.3848987108655617,0.4677716390423573,0.7348066298342542,0.8047882136279927
results/llada8b-n10-d128,summary_mc64.jsonl,64,unnormalized_cleaned,empirical_KL_div_clean,543,541,0.4399260628465804,0.7486136783733827,0.06383943796466816,5000,0.3974121996303142,0.4824399260628466,0.711645101663586,0.7855822550831792
results/llada8b-n10-d128,summary_mc64.jsonl,64,normalized_unfiltered,empirical_KL_div_normalized_all,543,543,0.47697974217311234,0.7753222836095764,0.06383943796466816,5000,0.43646408839779005,0.5174953959484346,0.7384898710865562,0.8103130755064457
results/llada8b-n10-d128,summary_mc64.jsonl,64,normalized_cleaned,empirical_KL_div_normalized_clean,543,541,0.4713493530499076,0.7689463955637708,0.06383943796466816,5000,0.4288354898336414,0.5138632162661737,0.7319778188539742,0.8040665434380776
results/llada8b-n10-d128,summary_mc8.jsonl,8,unnormalized_unfiltered,empirical_KL_div_all,543,543,0.3996316758747698,0.7237569060773481,0.06383943796466816,5000,0.35911602209944754,0.44014732965009207,0.6850828729281768,0.7587476979742173
results/llada8b-n10-d128,summary_mc8.jsonl,8,unnormalized_cleaned,empirical_KL_div_clean,543,541,0.38632162661737524,0.7190388170055453,0.06383943796466816,5000,0.3456561922365989,0.4269870609981516,0.6802218114602587,0.756007393715342
results/llada8b-n10-d128,summary_mc8.jsonl,8,normalized_unfiltered,empirical_KL_div_normalized_all,543,543,0.39594843462246776,0.7384898710865562,0.06383943796466816,5000,0.3572744014732965,0.43646408839779005,0.7016114180478822,0.7753222836095764
results/llada8b-n10-d128,summary_mc8.jsonl,8,normalized_cleaned,empirical_KL_div_normalized_clean,543,541,0.38632162661737524,0.7282809611829945,0.06383943796466816,5000,0.3456561922365989,0.4269870609981516,0.6894639556377079,0.7652495378927912
